USE cs348;

INSERT INTO users (user_id, email, full_name, created_at) VALUES ('cd3a1d5b-5a97-4636-a219-73243b49df0c', 'elsie@example.com', 'Elsie Li', '2024-08-20');
INSERT INTO users (user_id, email, full_name, created_at) VALUES ('e45d26fe-f66a-4d38-a663-269589d45620', 'jeff@example.com', 'Jeff Liu', '2017-10-13');

INSERT INTO policeReports (r_id, assault_type, occurence_date, reported_date, division) VALUES ('b85df3be-b69b-4bd2-8ad1-ceda6dd7af99', 'Assault With Weapon', '2023-03-14', '2023-03-22', 'West');
INSERT INTO policeReports (r_id, assault_type, occurence_date, reported_date, division) VALUES ('a86528b5-f793-45e3-9c7f-ea2b766a4c54', 'Physical Assault', '2023-05-04', '2023-05-13', 'South');
INSERT INTO policeReports (r_id, assault_type, occurence_date, reported_date, division) VALUES ('b0ff1c96-4982-4ce2-b29b-9e50dba48ffe', 'Assault With Weapon', '2018-10-09', '2018-10-14', 'South');
INSERT INTO policeReports (r_id, assault_type, occurence_date, reported_date, division) VALUES ('91680e93-8473-432f-b6b0-34d6e29f972d', 'Aggravated Assault', '2021-08-13', '2021-08-21', 'East');
INSERT INTO policeReports (r_id, assault_type, occurence_date, reported_date, division) VALUES ('3806e30a-7884-4a98-81ea-bfb30e73f91d', 'Physical Assault', '2024-06-18', '2024-06-27', 'West');
INSERT INTO policeReports (r_id, assault_type, occurence_date, reported_date, division) VALUES ('49de942f-1d65-4087-ae17-af48396c6298', 'Aggravated Assault', '2016-11-28', '2016-12-07', 'North');
INSERT INTO policeReports (r_id, assault_type, occurence_date, reported_date, division) VALUES ('40adf544-dfba-4ecc-a729-af3e0bb6d6f3', 'Assault With Weapon', '2022-04-20', '2022-04-24', 'West');
INSERT INTO policeReports (r_id, assault_type, occurence_date, reported_date, division) VALUES ('42e6f97c-4120-43b5-a1d4-7d340dfc6718', 'Aggravated Assault', '2015-06-08', '2015-06-15', 'North');
INSERT INTO policeReports (r_id, assault_type, occurence_date, reported_date, division) VALUES ('7529199e-767d-4881-a48e-5b590609cea3', 'Assault With Weapon', '2017-11-06', '2017-11-09', 'North');
INSERT INTO policeReports (r_id, assault_type, occurence_date, reported_date, division) VALUES ('8b58e6bb-1ca0-4fa4-a2cc-a651ca958964', 'Aggravated Assault', '2015-11-22', '2015-12-01', 'South');
INSERT INTO policeReports (r_id, assault_type, occurence_date, reported_date, division) VALUES ('d10c3ffe-b25c-4a4a-ade3-87d713d1cb29', 'Aggravated Assault', '2015-03-18', '2015-03-27', 'Downtown');
INSERT INTO policeReports (r_id, assault_type, occurence_date, reported_date, division) VALUES ('9bb25c85-c7c4-4235-80c2-06d275141142', 'Physical Assault', '2019-01-24', '2019-02-01', 'West');
INSERT INTO policeReports (r_id, assault_type, occurence_date, reported_date, division) VALUES ('65d08238-0ae3-44e2-9c51-c4a9355f4e7e', 'Physical Assault', '2021-07-22', '2021-07-23', 'North');
INSERT INTO policeReports (r_id, assault_type, occurence_date, reported_date, division) VALUES ('9e08ad87-c75d-459d-9878-331d9acaa24c', 'Assault With Weapon', '2017-10-18', '2017-10-18', 'East');
INSERT INTO policeReports (r_id, assault_type, occurence_date, reported_date, division) VALUES ('e152d6b7-33db-49e0-88de-b8a572b95a84', 'Assault With Weapon', '2016-02-19', '2016-02-22', 'North');
INSERT INTO policeReports (r_id, assault_type, occurence_date, reported_date, division) VALUES ('680b4cea-79c9-4ee9-934f-f1567dbbd77a', 'Aggravated Assault', '2022-04-17', '2022-04-23', 'East');
INSERT INTO policeReports (r_id, assault_type, occurence_date, reported_date, division) VALUES ('38e940df-e0b3-412f-b807-934f1be965ef', 'Aggravated Assault', '2023-06-01', '2023-06-06', 'South');
INSERT INTO policeReports (r_id, assault_type, occurence_date, reported_date, division) VALUES ('5ad8374f-357d-4560-9f37-555130a45e7f', 'Physical Assault', '2018-03-26', '2018-03-26', 'South');
INSERT INTO policeReports (r_id, assault_type, occurence_date, reported_date, division) VALUES ('62814ed3-f0d9-4e07-a1cc-64608b5595e3', 'Aggravated Assault', '2023-10-23', '2023-10-26', 'North');
INSERT INTO policeReports (r_id, assault_type, occurence_date, reported_date, division) VALUES ('d72c8bd7-1f24-4b13-b943-2638d14c9ad9', 'Physical Assault', '2025-03-01', '2025-03-05', 'East');
INSERT INTO policeReports (r_id, assault_type, occurence_date, reported_date, division) VALUES ('0cd679ef-6c2e-47d3-8b4c-a425aecb8c8d', 'Physical Assault', '2021-10-24', '2021-10-26', 'East');
INSERT INTO policeReports (r_id, assault_type, occurence_date, reported_date, division) VALUES ('c6e5d59b-270a-4ac5-8b57-772e3e7d67a2', 'Aggravated Assault', '2015-07-28', '2015-07-30', 'East');
INSERT INTO policeReports (r_id, assault_type, occurence_date, reported_date, division) VALUES ('405f3907-b131-4ac1-a97d-864e2d085d7b', 'Aggravated Assault', '2023-11-08', '2023-11-10', 'East');
INSERT INTO policeReports (r_id, assault_type, occurence_date, reported_date, division) VALUES ('30fcd8cf-fdde-4e55-aa5c-39994a152a1a', 'Aggravated Assault', '2023-11-14', '2023-11-15', 'West');
INSERT INTO policeReports (r_id, assault_type, occurence_date, reported_date, division) VALUES ('5d6ce303-2e61-4512-8e3c-cd83c1f9b106', 'Physical Assault', '2016-07-04', '2016-07-11', 'South');
INSERT INTO policeReports (r_id, assault_type, occurence_date, reported_date, division) VALUES ('b7866409-26f8-468d-abf6-5b36dcbe5776', 'Aggravated Assault', '2022-01-20', '2022-01-27', 'East');
INSERT INTO policeReports (r_id, assault_type, occurence_date, reported_date, division) VALUES ('1774009b-71f5-4fd3-affb-54161b867505', 'Physical Assault', '2019-10-13', '2019-10-19', 'Downtown');
INSERT INTO policeReports (r_id, assault_type, occurence_date, reported_date, division) VALUES ('3586d8e4-60da-4567-8719-07ae9582be6a', 'Aggravated Assault', '2020-03-01', '2020-03-02', 'West');
INSERT INTO policeReports (r_id, assault_type, occurence_date, reported_date, division) VALUES ('927438f9-650c-4a3f-80b7-98a2621f971d', 'Physical Assault', '2020-03-25', '2020-03-30', 'West');
INSERT INTO policeReports (r_id, assault_type, occurence_date, reported_date, division) VALUES ('bf4785cb-f756-4d78-8118-29c56db53f55', 'Aggravated Assault', '2023-04-13', '2023-04-14', 'North');
INSERT INTO policeReports (r_id, assault_type, occurence_date, reported_date, division) VALUES ('3a9e4162-6c47-46ac-a798-def4653b2644', 'Assault With Weapon', '2015-10-06', '2015-10-13', 'South');
INSERT INTO policeReports (r_id, assault_type, occurence_date, reported_date, division) VALUES ('125a5710-0850-44de-a01d-585bdefae30a', 'Assault With Weapon', '2024-01-11', '2024-01-18', 'East');
INSERT INTO policeReports (r_id, assault_type, occurence_date, reported_date, division) VALUES ('c15ee7ba-977d-404b-ad63-c83c46ee8af3', 'Aggravated Assault', '2021-05-27', '2021-05-28', 'Downtown');
INSERT INTO policeReports (r_id, assault_type, occurence_date, reported_date, division) VALUES ('18ce80f5-e283-4d16-a4ea-d74203e8931c', 'Assault With Weapon', '2017-01-07', '2017-01-08', 'North');
INSERT INTO policeReports (r_id, assault_type, occurence_date, reported_date, division) VALUES ('7a0b1bd5-5c3d-4c00-a52b-e35d0230ce74', 'Assault With Weapon', '2023-12-11', '2023-12-19', 'Downtown');
INSERT INTO policeReports (r_id, assault_type, occurence_date, reported_date, division) VALUES ('74d71995-c103-40ed-a743-4d925f612626', 'Aggravated Assault', '2024-10-23', '2024-10-28', 'West');
INSERT INTO policeReports (r_id, assault_type, occurence_date, reported_date, division) VALUES ('441fc221-4e9e-4458-a711-7e4387ab28a0', 'Aggravated Assault', '2025-05-07', '2025-05-08', 'East');
INSERT INTO policeReports (r_id, assault_type, occurence_date, reported_date, division) VALUES ('55af81f1-e535-4763-b5ab-b9d4b65d94ff', 'Assault With Weapon', '2023-10-23', '2023-11-02', 'West');
INSERT INTO policeReports (r_id, assault_type, occurence_date, reported_date, division) VALUES ('6036d5ac-5def-4c26-9902-803652470279', 'Aggravated Assault', '2023-02-15', '2023-02-15', 'East');
INSERT INTO policeReports (r_id, assault_type, occurence_date, reported_date, division) VALUES ('ee602a32-e14d-4a44-b555-d19e881b099d', 'Assault With Weapon', '2016-01-16', '2016-01-21', 'East');
INSERT INTO policeReports (r_id, assault_type, occurence_date, reported_date, division) VALUES ('a8fdb7d7-bb13-4ca0-8230-1fa9248af295', 'Physical Assault', '2018-08-02', '2018-08-07', 'Downtown');
INSERT INTO policeReports (r_id, assault_type, occurence_date, reported_date, division) VALUES ('bbce31fe-65cb-4430-89b3-51633b02b106', 'Physical Assault', '2016-08-13', '2016-08-16', 'North');
INSERT INTO policeReports (r_id, assault_type, occurence_date, reported_date, division) VALUES ('07c0e058-b32c-48dc-b95e-122e1a6a0008', 'Aggravated Assault', '2025-09-08', '2025-09-14', 'East');
INSERT INTO policeReports (r_id, assault_type, occurence_date, reported_date, division) VALUES ('ac727143-4026-4ff9-a927-e18f51166348', 'Physical Assault', '2024-11-18', '2024-11-22', 'Downtown');
INSERT INTO policeReports (r_id, assault_type, occurence_date, reported_date, division) VALUES ('9130b686-bc23-4739-91ab-85c07ec77a1c', 'Physical Assault', '2017-11-05', '2017-11-05', 'South');
INSERT INTO policeReports (r_id, assault_type, occurence_date, reported_date, division) VALUES ('0c2544f0-48c2-4758-b3b2-acb8bd8a18da', 'Assault With Weapon', '2021-11-22', '2021-11-30', 'East');
INSERT INTO policeReports (r_id, assault_type, occurence_date, reported_date, division) VALUES ('67ed04ca-679a-4642-8731-61894c744e08', 'Assault With Weapon', '2024-01-26', '2024-01-30', 'West');
INSERT INTO policeReports (r_id, assault_type, occurence_date, reported_date, division) VALUES ('8f637c6a-f4cd-4243-b0dc-bfbe37abef88', 'Assault With Weapon', '2016-04-12', '2016-04-17', 'West');
INSERT INTO policeReports (r_id, assault_type, occurence_date, reported_date, division) VALUES ('edb3f9ba-54bf-4598-98d6-a45da7f795a0', 'Aggravated Assault', '2024-04-02', '2024-04-11', 'West');
INSERT INTO policeReports (r_id, assault_type, occurence_date, reported_date, division) VALUES ('c3740542-3f4b-43cd-8caa-4ce910232e07', 'Assault With Weapon', '2021-09-02', '2021-09-07', 'North');
INSERT INTO policeReports (r_id, assault_type, occurence_date, reported_date, division) VALUES ('c1d18d67-1963-40a7-b0d4-e03e0a98ed76', 'Aggravated Assault', '2018-08-21', '2018-08-26', 'West');
INSERT INTO policeReports (r_id, assault_type, occurence_date, reported_date, division) VALUES ('09b36051-6f6d-49e9-b367-9f494b0279fb', 'Assault With Weapon', '2022-05-13', '2022-05-21', 'East');
INSERT INTO policeReports (r_id, assault_type, occurence_date, reported_date, division) VALUES ('848b7223-d7b2-4884-a0ce-682b32815307', 'Assault With Weapon', '2018-02-22', '2018-03-03', 'East');
INSERT INTO policeReports (r_id, assault_type, occurence_date, reported_date, division) VALUES ('41a0b783-d3ab-4d22-8de5-6392285880c4', 'Assault With Weapon', '2015-01-28', '2015-02-04', 'West');
INSERT INTO policeReports (r_id, assault_type, occurence_date, reported_date, division) VALUES ('a0dccdb5-1f80-4831-ab7a-8cab66b72670', 'Assault With Weapon', '2022-08-24', '2022-08-29', 'West');
INSERT INTO policeReports (r_id, assault_type, occurence_date, reported_date, division) VALUES ('429966b3-0680-4919-9187-e5684fe420c1', 'Aggravated Assault', '2020-10-27', '2020-10-27', 'East');
INSERT INTO policeReports (r_id, assault_type, occurence_date, reported_date, division) VALUES ('7ea959b7-d1ac-4e54-86c4-c7c5d1ef9c45', 'Assault With Weapon', '2021-05-12', '2021-05-18', 'West');
INSERT INTO policeReports (r_id, assault_type, occurence_date, reported_date, division) VALUES ('f852d9aa-ff34-4727-8923-ca7b916e270e', 'Aggravated Assault', '2018-12-17', '2018-12-26', 'South');
INSERT INTO policeReports (r_id, assault_type, occurence_date, reported_date, division) VALUES ('435f441e-ab90-451b-9a92-e89d4b1243f5', 'Aggravated Assault', '2015-02-21', '2015-03-03', 'East');
INSERT INTO policeReports (r_id, assault_type, occurence_date, reported_date, division) VALUES ('4ba743f3-e5d0-4a8c-8fa5-d9284e1739e3', 'Aggravated Assault', '2022-07-01', '2022-07-03', 'East');
INSERT INTO policeReports (r_id, assault_type, occurence_date, reported_date, division) VALUES ('f50ec5a9-b2ff-4a95-9eca-d948c716cee0', 'Assault With Weapon', '2016-06-22', '2016-06-25', 'Downtown');
INSERT INTO policeReports (r_id, assault_type, occurence_date, reported_date, division) VALUES ('1eff8f07-83d6-4280-b0b6-fcc4bd6cbc7b', 'Physical Assault', '2017-08-26', '2017-09-01', 'North');
INSERT INTO policeReports (r_id, assault_type, occurence_date, reported_date, division) VALUES ('c15232ce-7243-4f95-b79f-62faec9b5445', 'Assault With Weapon', '2025-03-01', '2025-03-01', 'North');
INSERT INTO policeReports (r_id, assault_type, occurence_date, reported_date, division) VALUES ('df93afcc-825d-490a-a292-7b7f95901205', 'Aggravated Assault', '2016-03-06', '2016-03-06', 'East');
INSERT INTO policeReports (r_id, assault_type, occurence_date, reported_date, division) VALUES ('4e2a71f0-8540-474c-8b58-689968c41f07', 'Assault With Weapon', '2015-04-11', '2015-04-11', 'East');
INSERT INTO policeReports (r_id, assault_type, occurence_date, reported_date, division) VALUES ('abb92e13-b008-4a91-b5b7-802250cb8fd5', 'Aggravated Assault', '2017-01-15', '2017-01-18', 'East');
INSERT INTO policeReports (r_id, assault_type, occurence_date, reported_date, division) VALUES ('176673b4-18a1-4668-809a-5081762b7a21', 'Physical Assault', '2017-11-08', '2017-11-10', 'West');
INSERT INTO policeReports (r_id, assault_type, occurence_date, reported_date, division) VALUES ('d7cb7a99-fadb-49bb-a462-c5a1c9727f5b', 'Aggravated Assault', '2021-09-24', '2021-09-28', 'North');
INSERT INTO policeReports (r_id, assault_type, occurence_date, reported_date, division) VALUES ('ae208056-a41d-4058-b394-fb7e70c09156', 'Physical Assault', '2017-06-09', '2017-06-12', 'South');
INSERT INTO policeReports (r_id, assault_type, occurence_date, reported_date, division) VALUES ('fe64f57b-8474-4b4e-8e31-e20dbd8f663c', 'Aggravated Assault', '2024-02-05', '2024-02-08', 'West');
INSERT INTO policeReports (r_id, assault_type, occurence_date, reported_date, division) VALUES ('729f06c0-af33-4400-a698-590c0281ebba', 'Physical Assault', '2018-10-26', '2018-11-01', 'West');
INSERT INTO policeReports (r_id, assault_type, occurence_date, reported_date, division) VALUES ('8661b39d-5c27-4350-a9b5-b5cbf6958c34', 'Aggravated Assault', '2015-04-05', '2015-04-08', 'South');
INSERT INTO policeReports (r_id, assault_type, occurence_date, reported_date, division) VALUES ('b0cb173c-b53d-401f-9230-aecc3cde3ebc', 'Physical Assault', '2017-07-04', '2017-07-09', 'East');
INSERT INTO policeReports (r_id, assault_type, occurence_date, reported_date, division) VALUES ('691dde1f-d260-4ad8-8c0f-dcfd4530a721', 'Assault With Weapon', '2020-04-18', '2020-04-27', 'South');
INSERT INTO policeReports (r_id, assault_type, occurence_date, reported_date, division) VALUES ('ff67c845-6d33-4751-8071-532cf719f5ab', 'Assault With Weapon', '2020-04-24', '2020-04-28', 'North');
INSERT INTO policeReports (r_id, assault_type, occurence_date, reported_date, division) VALUES ('789bc8b7-df90-44b1-92e4-4dce25498bb8', 'Aggravated Assault', '2021-06-27', '2021-06-30', 'East');
INSERT INTO policeReports (r_id, assault_type, occurence_date, reported_date, division) VALUES ('7f9be909-1d67-41cf-a88f-7820473c7bb2', 'Physical Assault', '2021-06-27', '2021-07-02', 'West');
INSERT INTO policeReports (r_id, assault_type, occurence_date, reported_date, division) VALUES ('df2a4317-6b71-46d3-b279-25cad3e45696', 'Aggravated Assault', '2020-01-02', '2020-01-10', 'South');
INSERT INTO policeReports (r_id, assault_type, occurence_date, reported_date, division) VALUES ('fc4cf7ba-7e3e-4d5d-b75f-0889b442dc96', 'Physical Assault', '2020-05-25', '2020-05-29', 'West');
INSERT INTO policeReports (r_id, assault_type, occurence_date, reported_date, division) VALUES ('f7cc52c3-4136-4a89-9e95-3abda322b6a4', 'Physical Assault', '2025-09-06', '2025-09-13', 'Downtown');
INSERT INTO policeReports (r_id, assault_type, occurence_date, reported_date, division) VALUES ('51f47f9c-cb7e-4625-89dc-a52549e4d1c3', 'Aggravated Assault', '2015-05-14', '2015-05-20', 'North');
INSERT INTO policeReports (r_id, assault_type, occurence_date, reported_date, division) VALUES ('bcc0c7f5-8e8d-47b5-89dc-4978e0d3d9d3', 'Assault With Weapon', '2022-02-19', '2022-02-27', 'South');
INSERT INTO policeReports (r_id, assault_type, occurence_date, reported_date, division) VALUES ('0445ef06-bfb1-451f-aaf5-25b8dfcf50a8', 'Aggravated Assault', '2025-09-27', '2025-10-06', 'South');
INSERT INTO policeReports (r_id, assault_type, occurence_date, reported_date, division) VALUES ('dc35206f-93c8-41dc-b275-67df73f70300', 'Assault With Weapon', '2017-10-24', '2017-10-28', 'West');
INSERT INTO policeReports (r_id, assault_type, occurence_date, reported_date, division) VALUES ('f20e48e8-d62f-4162-9d39-ef0d69810868', 'Aggravated Assault', '2019-04-22', '2019-04-30', 'Downtown');
INSERT INTO policeReports (r_id, assault_type, occurence_date, reported_date, division) VALUES ('bd9288c1-5ded-4180-b68d-2dc907f5e487', 'Assault With Weapon', '2020-11-24', '2020-11-29', 'Downtown');
INSERT INTO policeReports (r_id, assault_type, occurence_date, reported_date, division) VALUES ('9d32fc46-04d4-43b2-93ad-73bec5281893', 'Assault With Weapon', '2016-03-22', '2016-03-24', 'Downtown');
INSERT INTO policeReports (r_id, assault_type, occurence_date, reported_date, division) VALUES ('37041e64-c0fb-40f5-9a1e-6d44561fdd93', 'Physical Assault', '2018-05-20', '2018-05-25', 'North');
INSERT INTO policeReports (r_id, assault_type, occurence_date, reported_date, division) VALUES ('0afc6fc5-cc9a-411e-9df8-7284634635fe', 'Assault With Weapon', '2017-05-19', '2017-05-23', 'Downtown');
INSERT INTO policeReports (r_id, assault_type, occurence_date, reported_date, division) VALUES ('95853f58-bf1d-415d-9aca-46f12719c2a8', 'Assault With Weapon', '2018-04-11', '2018-04-19', 'East');
INSERT INTO policeReports (r_id, assault_type, occurence_date, reported_date, division) VALUES ('ffb630ac-7369-4c05-869c-9ed6bf964135', 'Physical Assault', '2022-04-27', '2022-04-28', 'South');
INSERT INTO policeReports (r_id, assault_type, occurence_date, reported_date, division) VALUES ('cb64bdc1-ea66-47e3-8951-7c7aabd18e95', 'Assault With Weapon', '2017-12-01', '2017-12-07', 'South');
INSERT INTO policeReports (r_id, assault_type, occurence_date, reported_date, division) VALUES ('8b3d129e-d069-4304-b84b-129af6af2a52', 'Physical Assault', '2015-07-19', '2015-07-24', 'South');
INSERT INTO policeReports (r_id, assault_type, occurence_date, reported_date, division) VALUES ('a6ddd80d-22ac-4b8c-8325-6330393b5fec', 'Aggravated Assault', '2025-06-23', '2025-07-01', 'East');
INSERT INTO policeReports (r_id, assault_type, occurence_date, reported_date, division) VALUES ('8ad849a9-747a-4b6e-a0eb-1a0b291b2dfc', 'Assault With Weapon', '2017-12-21', '2017-12-24', 'West');
INSERT INTO policeReports (r_id, assault_type, occurence_date, reported_date, division) VALUES ('0b874f23-39d4-43ac-9e2d-5c396901f749', 'Physical Assault', '2016-05-19', '2016-05-23', 'South');
INSERT INTO policeReports (r_id, assault_type, occurence_date, reported_date, division) VALUES ('819110b2-d95b-4f41-86ad-88b6e52cda58', 'Aggravated Assault', '2023-02-03', '2023-02-13', 'North');
INSERT INTO policeReports (r_id, assault_type, occurence_date, reported_date, division) VALUES ('9427ff2f-6f49-401f-ae40-3f001cfddd18', 'Assault With Weapon', '2021-01-11', '2021-01-16', 'South');
INSERT INTO policeReports (r_id, assault_type, occurence_date, reported_date, division) VALUES ('d1ac1503-73ee-4e56-8ef7-8d58c1ee8214', 'Aggravated Assault', '2015-12-18', '2015-12-19', 'Downtown');
INSERT INTO policeReports (r_id, assault_type, occurence_date, reported_date, division) VALUES ('94147f71-a1da-49d8-b8d2-329d52053d64', 'Physical Assault', '2020-07-27', '2020-07-27', 'North');

INSERT INTO policeLocation (r_id, longitude, latitude, neighborhood, location_type, premise_type) VALUES ('b85df3be-b69b-4bd2-8ad1-ceda6dd7af99', -79.264398, 43.725539, 'Brampton', 'Transit Station', 'Private');
INSERT INTO policeLocation (r_id, longitude, latitude, neighborhood, location_type, premise_type) VALUES ('a86528b5-f793-45e3-9c7f-ea2b766a4c54', -79.552219, 43.797682, 'Kensington Market', 'Transit Station', 'Private');
INSERT INTO policeLocation (r_id, longitude, latitude, neighborhood, location_type, premise_type) VALUES ('b0ff1c96-4982-4ce2-b29b-9e50dba48ffe', -79.112236, 43.756524, 'Brampton', 'Transit Station', 'Private');
INSERT INTO policeLocation (r_id, longitude, latitude, neighborhood, location_type, premise_type) VALUES ('91680e93-8473-432f-b6b0-34d6e29f972d', -79.300902, 43.712694, 'Brampton', 'Park', 'Private');
INSERT INTO policeLocation (r_id, longitude, latitude, neighborhood, location_type, premise_type) VALUES ('3806e30a-7884-4a98-81ea-bfb30e73f91d', -79.291242, 43.614178, 'Kensington Market', 'Transit Station', 'Private');
INSERT INTO policeLocation (r_id, longitude, latitude, neighborhood, location_type, premise_type) VALUES ('49de942f-1d65-4087-ae17-af48396c6298', -79.293884, 43.634774, 'Entertainment District', 'Park', 'Private');
INSERT INTO policeLocation (r_id, longitude, latitude, neighborhood, location_type, premise_type) VALUES ('40adf544-dfba-4ecc-a729-af3e0bb6d6f3', -79.436509, 43.621239, 'Brampton', 'Street', 'Private');
INSERT INTO policeLocation (r_id, longitude, latitude, neighborhood, location_type, premise_type) VALUES ('42e6f97c-4120-43b5-a1d4-7d340dfc6718', -79.514301, 43.611319, 'Kensington Market', 'Transit Station', 'Public');
INSERT INTO policeLocation (r_id, longitude, latitude, neighborhood, location_type, premise_type) VALUES ('7529199e-767d-4881-a48e-5b590609cea3', -79.542963, 43.630685, 'Kensington Market', 'Street', 'Public');
INSERT INTO policeLocation (r_id, longitude, latitude, neighborhood, location_type, premise_type) VALUES ('8b58e6bb-1ca0-4fa4-a2cc-a651ca958964', -79.356485, 43.725654, 'Entertainment District', 'Transit Station', 'Public');
INSERT INTO policeLocation (r_id, longitude, latitude, neighborhood, location_type, premise_type) VALUES ('d10c3ffe-b25c-4a4a-ade3-87d713d1cb29', -79.375151, 43.628741, 'Entertainment District', 'Transit Station', 'Public');
INSERT INTO policeLocation (r_id, longitude, latitude, neighborhood, location_type, premise_type) VALUES ('9bb25c85-c7c4-4235-80c2-06d275141142', -79.422835, 43.787734, 'Entertainment District', 'Park', 'Private');
INSERT INTO policeLocation (r_id, longitude, latitude, neighborhood, location_type, premise_type) VALUES ('65d08238-0ae3-44e2-9c51-c4a9355f4e7e', -79.432226, 43.748419, 'Entertainment District', 'Street', 'Public');
INSERT INTO policeLocation (r_id, longitude, latitude, neighborhood, location_type, premise_type) VALUES ('9e08ad87-c75d-459d-9878-331d9acaa24c', -79.149017, 43.607665, 'Brampton', 'Transit Station', 'Public');
INSERT INTO policeLocation (r_id, longitude, latitude, neighborhood, location_type, premise_type) VALUES ('e152d6b7-33db-49e0-88de-b8a572b95a84', -79.260161, 43.708069, 'Kensington Market', 'Transit Station', 'Private');
INSERT INTO policeLocation (r_id, longitude, latitude, neighborhood, location_type, premise_type) VALUES ('680b4cea-79c9-4ee9-934f-f1567dbbd77a', -79.575304, 43.775023, 'Entertainment District', 'Park', 'Public');
INSERT INTO policeLocation (r_id, longitude, latitude, neighborhood, location_type, premise_type) VALUES ('38e940df-e0b3-412f-b807-934f1be965ef', -79.347443, 43.600339, 'Kensington Market', 'Street', 'Private');
INSERT INTO policeLocation (r_id, longitude, latitude, neighborhood, location_type, premise_type) VALUES ('5ad8374f-357d-4560-9f37-555130a45e7f', -79.318725, 43.773062, 'Brampton', 'Transit Station', 'Public');
INSERT INTO policeLocation (r_id, longitude, latitude, neighborhood, location_type, premise_type) VALUES ('62814ed3-f0d9-4e07-a1cc-64608b5595e3', -79.265763, 43.676872, 'Brampton', 'Park', 'Public');
INSERT INTO policeLocation (r_id, longitude, latitude, neighborhood, location_type, premise_type) VALUES ('d72c8bd7-1f24-4b13-b943-2638d14c9ad9', -79.489433, 43.770008, 'Kensington Market', 'Transit Station', 'Public');
INSERT INTO policeLocation (r_id, longitude, latitude, neighborhood, location_type, premise_type) VALUES ('0cd679ef-6c2e-47d3-8b4c-a425aecb8c8d', -79.490197, 43.765369, 'Kensington Market', 'Street', 'Private');
INSERT INTO policeLocation (r_id, longitude, latitude, neighborhood, location_type, premise_type) VALUES ('c6e5d59b-270a-4ac5-8b57-772e3e7d67a2', -79.253853, 43.678947, 'Kensington Market', 'Transit Station', 'Private');
INSERT INTO policeLocation (r_id, longitude, latitude, neighborhood, location_type, premise_type) VALUES ('405f3907-b131-4ac1-a97d-864e2d085d7b', -79.172818, 43.665866, 'Entertainment District', 'Transit Station', 'Private');
INSERT INTO policeLocation (r_id, longitude, latitude, neighborhood, location_type, premise_type) VALUES ('30fcd8cf-fdde-4e55-aa5c-39994a152a1a', -79.525323, 43.788303, 'Brampton', 'Park', 'Private');
INSERT INTO policeLocation (r_id, longitude, latitude, neighborhood, location_type, premise_type) VALUES ('5d6ce303-2e61-4512-8e3c-cd83c1f9b106', -79.50578, 43.730672, 'Entertainment District', 'Transit Station', 'Public');
INSERT INTO policeLocation (r_id, longitude, latitude, neighborhood, location_type, premise_type) VALUES ('b7866409-26f8-468d-abf6-5b36dcbe5776', -79.227702, 43.698632, 'Brampton', 'Street', 'Private');
INSERT INTO policeLocation (r_id, longitude, latitude, neighborhood, location_type, premise_type) VALUES ('1774009b-71f5-4fd3-affb-54161b867505', -79.533075, 43.611064, 'Entertainment District', 'Street', 'Public');
INSERT INTO policeLocation (r_id, longitude, latitude, neighborhood, location_type, premise_type) VALUES ('3586d8e4-60da-4567-8719-07ae9582be6a', -79.590703, 43.682444, 'Entertainment District', 'Street', 'Private');
INSERT INTO policeLocation (r_id, longitude, latitude, neighborhood, location_type, premise_type) VALUES ('927438f9-650c-4a3f-80b7-98a2621f971d', -79.487916, 43.681198, 'Entertainment District', 'Transit Station', 'Private');
INSERT INTO policeLocation (r_id, longitude, latitude, neighborhood, location_type, premise_type) VALUES ('bf4785cb-f756-4d78-8118-29c56db53f55', -79.393834, 43.740597, 'Brampton', 'Street', 'Private');
INSERT INTO policeLocation (r_id, longitude, latitude, neighborhood, location_type, premise_type) VALUES ('3a9e4162-6c47-46ac-a798-def4653b2644', -79.317996, 43.767757, 'Brampton', 'Street', 'Public');
INSERT INTO policeLocation (r_id, longitude, latitude, neighborhood, location_type, premise_type) VALUES ('125a5710-0850-44de-a01d-585bdefae30a', -79.358471, 43.65244, 'Entertainment District', 'Park', 'Private');
INSERT INTO policeLocation (r_id, longitude, latitude, neighborhood, location_type, premise_type) VALUES ('c15ee7ba-977d-404b-ad63-c83c46ee8af3', -79.118989, 43.738323, 'Entertainment District', 'Park', 'Private');
INSERT INTO policeLocation (r_id, longitude, latitude, neighborhood, location_type, premise_type) VALUES ('18ce80f5-e283-4d16-a4ea-d74203e8931c', -79.537769, 43.791503, 'Brampton', 'Street', 'Private');
INSERT INTO policeLocation (r_id, longitude, latitude, neighborhood, location_type, premise_type) VALUES ('7a0b1bd5-5c3d-4c00-a52b-e35d0230ce74', -79.531274, 43.690828, 'Brampton', 'Transit Station', 'Private');
INSERT INTO policeLocation (r_id, longitude, latitude, neighborhood, location_type, premise_type) VALUES ('74d71995-c103-40ed-a743-4d925f612626', -79.594064, 43.758162, 'Entertainment District', 'Street', 'Private');
INSERT INTO policeLocation (r_id, longitude, latitude, neighborhood, location_type, premise_type) VALUES ('441fc221-4e9e-4458-a711-7e4387ab28a0', -79.415936, 43.641414, 'Entertainment District', 'Street', 'Private');
INSERT INTO policeLocation (r_id, longitude, latitude, neighborhood, location_type, premise_type) VALUES ('55af81f1-e535-4763-b5ab-b9d4b65d94ff', -79.186748, 43.728472, 'Brampton', 'Transit Station', 'Private');
INSERT INTO policeLocation (r_id, longitude, latitude, neighborhood, location_type, premise_type) VALUES ('6036d5ac-5def-4c26-9902-803652470279', -79.197528, 43.721118, 'Kensington Market', 'Street', 'Private');
INSERT INTO policeLocation (r_id, longitude, latitude, neighborhood, location_type, premise_type) VALUES ('ee602a32-e14d-4a44-b555-d19e881b099d', -79.564833, 43.656957, 'Entertainment District', 'Park', 'Private');
INSERT INTO policeLocation (r_id, longitude, latitude, neighborhood, location_type, premise_type) VALUES ('a8fdb7d7-bb13-4ca0-8230-1fa9248af295', -79.134138, 43.683915, 'Entertainment District', 'Street', 'Public');
INSERT INTO policeLocation (r_id, longitude, latitude, neighborhood, location_type, premise_type) VALUES ('bbce31fe-65cb-4430-89b3-51633b02b106', -79.162533, 43.619717, 'Brampton', 'Street', 'Public');
INSERT INTO policeLocation (r_id, longitude, latitude, neighborhood, location_type, premise_type) VALUES ('07c0e058-b32c-48dc-b95e-122e1a6a0008', -79.546475, 43.702786, 'Kensington Market', 'Street', 'Public');
INSERT INTO policeLocation (r_id, longitude, latitude, neighborhood, location_type, premise_type) VALUES ('ac727143-4026-4ff9-a927-e18f51166348', -79.438324, 43.745705, 'Brampton', 'Park', 'Public');
INSERT INTO policeLocation (r_id, longitude, latitude, neighborhood, location_type, premise_type) VALUES ('9130b686-bc23-4739-91ab-85c07ec77a1c', -79.149604, 43.707631, 'Kensington Market', 'Park', 'Private');
INSERT INTO policeLocation (r_id, longitude, latitude, neighborhood, location_type, premise_type) VALUES ('0c2544f0-48c2-4758-b3b2-acb8bd8a18da', -79.153424, 43.786434, 'Brampton', 'Transit Station', 'Public');
INSERT INTO policeLocation (r_id, longitude, latitude, neighborhood, location_type, premise_type) VALUES ('67ed04ca-679a-4642-8731-61894c744e08', -79.5972, 43.67055, 'Kensington Market', 'Transit Station', 'Public');
INSERT INTO policeLocation (r_id, longitude, latitude, neighborhood, location_type, premise_type) VALUES ('8f637c6a-f4cd-4243-b0dc-bfbe37abef88', -79.189382, 43.653319, 'Kensington Market', 'Street', 'Public');
INSERT INTO policeLocation (r_id, longitude, latitude, neighborhood, location_type, premise_type) VALUES ('edb3f9ba-54bf-4598-98d6-a45da7f795a0', -79.339021, 43.750075, 'Brampton', 'Transit Station', 'Public');
INSERT INTO policeLocation (r_id, longitude, latitude, neighborhood, location_type, premise_type) VALUES ('c3740542-3f4b-43cd-8caa-4ce910232e07', -79.554598, 43.629836, 'Kensington Market', 'Street', 'Public');
INSERT INTO policeLocation (r_id, longitude, latitude, neighborhood, location_type, premise_type) VALUES ('c1d18d67-1963-40a7-b0d4-e03e0a98ed76', -79.101395, 43.709613, 'Brampton', 'Park', 'Private');
INSERT INTO policeLocation (r_id, longitude, latitude, neighborhood, location_type, premise_type) VALUES ('09b36051-6f6d-49e9-b367-9f494b0279fb', -79.579786, 43.714267, 'Kensington Market', 'Transit Station', 'Private');
INSERT INTO policeLocation (r_id, longitude, latitude, neighborhood, location_type, premise_type) VALUES ('848b7223-d7b2-4884-a0ce-682b32815307', -79.299454, 43.60321, 'Kensington Market', 'Transit Station', 'Public');
INSERT INTO policeLocation (r_id, longitude, latitude, neighborhood, location_type, premise_type) VALUES ('41a0b783-d3ab-4d22-8de5-6392285880c4', -79.302801, 43.653843, 'Kensington Market', 'Street', 'Private');
INSERT INTO policeLocation (r_id, longitude, latitude, neighborhood, location_type, premise_type) VALUES ('a0dccdb5-1f80-4831-ab7a-8cab66b72670', -79.13132, 43.782568, 'Kensington Market', 'Transit Station', 'Private');
INSERT INTO policeLocation (r_id, longitude, latitude, neighborhood, location_type, premise_type) VALUES ('429966b3-0680-4919-9187-e5684fe420c1', -79.501864, 43.764126, 'Brampton', 'Street', 'Private');
INSERT INTO policeLocation (r_id, longitude, latitude, neighborhood, location_type, premise_type) VALUES ('7ea959b7-d1ac-4e54-86c4-c7c5d1ef9c45', -79.387452, 43.69868, 'Kensington Market', 'Transit Station', 'Private');
INSERT INTO policeLocation (r_id, longitude, latitude, neighborhood, location_type, premise_type) VALUES ('f852d9aa-ff34-4727-8923-ca7b916e270e', -79.222137, 43.758746, 'Kensington Market', 'Transit Station', 'Public');
INSERT INTO policeLocation (r_id, longitude, latitude, neighborhood, location_type, premise_type) VALUES ('435f441e-ab90-451b-9a92-e89d4b1243f5', -79.304043, 43.750747, 'Brampton', 'Transit Station', 'Public');
INSERT INTO policeLocation (r_id, longitude, latitude, neighborhood, location_type, premise_type) VALUES ('4ba743f3-e5d0-4a8c-8fa5-d9284e1739e3', -79.509258, 43.79605, 'Brampton', 'Street', 'Public');
INSERT INTO policeLocation (r_id, longitude, latitude, neighborhood, location_type, premise_type) VALUES ('f50ec5a9-b2ff-4a95-9eca-d948c716cee0', -79.488639, 43.782399, 'Kensington Market', 'Street', 'Private');
INSERT INTO policeLocation (r_id, longitude, latitude, neighborhood, location_type, premise_type) VALUES ('1eff8f07-83d6-4280-b0b6-fcc4bd6cbc7b', -79.543756, 43.742676, 'Brampton', 'Transit Station', 'Private');
INSERT INTO policeLocation (r_id, longitude, latitude, neighborhood, location_type, premise_type) VALUES ('c15232ce-7243-4f95-b79f-62faec9b5445', -79.158335, 43.680902, 'Entertainment District', 'Park', 'Public');
INSERT INTO policeLocation (r_id, longitude, latitude, neighborhood, location_type, premise_type) VALUES ('df93afcc-825d-490a-a292-7b7f95901205', -79.384101, 43.716942, 'Kensington Market', 'Park', 'Public');
INSERT INTO policeLocation (r_id, longitude, latitude, neighborhood, location_type, premise_type) VALUES ('4e2a71f0-8540-474c-8b58-689968c41f07', -79.446785, 43.622055, 'Kensington Market', 'Transit Station', 'Private');
INSERT INTO policeLocation (r_id, longitude, latitude, neighborhood, location_type, premise_type) VALUES ('abb92e13-b008-4a91-b5b7-802250cb8fd5', -79.302746, 43.629055, 'Kensington Market', 'Park', 'Public');
INSERT INTO policeLocation (r_id, longitude, latitude, neighborhood, location_type, premise_type) VALUES ('176673b4-18a1-4668-809a-5081762b7a21', -79.474463, 43.634692, 'Kensington Market', 'Transit Station', 'Public');
INSERT INTO policeLocation (r_id, longitude, latitude, neighborhood, location_type, premise_type) VALUES ('d7cb7a99-fadb-49bb-a462-c5a1c9727f5b', -79.435919, 43.7684, 'Kensington Market', 'Park', 'Private');
INSERT INTO policeLocation (r_id, longitude, latitude, neighborhood, location_type, premise_type) VALUES ('ae208056-a41d-4058-b394-fb7e70c09156', -79.202201, 43.699689, 'Brampton', 'Street', 'Public');
INSERT INTO policeLocation (r_id, longitude, latitude, neighborhood, location_type, premise_type) VALUES ('fe64f57b-8474-4b4e-8e31-e20dbd8f663c', -79.532439, 43.764745, 'Kensington Market', 'Street', 'Public');
INSERT INTO policeLocation (r_id, longitude, latitude, neighborhood, location_type, premise_type) VALUES ('729f06c0-af33-4400-a698-590c0281ebba', -79.406479, 43.724658, 'Kensington Market', 'Transit Station', 'Private');
INSERT INTO policeLocation (r_id, longitude, latitude, neighborhood, location_type, premise_type) VALUES ('8661b39d-5c27-4350-a9b5-b5cbf6958c34', -79.152867, 43.651588, 'Entertainment District', 'Park', 'Public');
INSERT INTO policeLocation (r_id, longitude, latitude, neighborhood, location_type, premise_type) VALUES ('b0cb173c-b53d-401f-9230-aecc3cde3ebc', -79.531382, 43.680505, 'Brampton', 'Transit Station', 'Public');
INSERT INTO policeLocation (r_id, longitude, latitude, neighborhood, location_type, premise_type) VALUES ('691dde1f-d260-4ad8-8c0f-dcfd4530a721', -79.535033, 43.637037, 'Kensington Market', 'Street', 'Private');
INSERT INTO policeLocation (r_id, longitude, latitude, neighborhood, location_type, premise_type) VALUES ('ff67c845-6d33-4751-8071-532cf719f5ab', -79.577918, 43.668031, 'Brampton', 'Street', 'Public');
INSERT INTO policeLocation (r_id, longitude, latitude, neighborhood, location_type, premise_type) VALUES ('789bc8b7-df90-44b1-92e4-4dce25498bb8', -79.532843, 43.70497, 'Brampton', 'Street', 'Public');
INSERT INTO policeLocation (r_id, longitude, latitude, neighborhood, location_type, premise_type) VALUES ('7f9be909-1d67-41cf-a88f-7820473c7bb2', -79.254642, 43.793174, 'Kensington Market', 'Park', 'Private');
INSERT INTO policeLocation (r_id, longitude, latitude, neighborhood, location_type, premise_type) VALUES ('df2a4317-6b71-46d3-b279-25cad3e45696', -79.587699, 43.650274, 'Brampton', 'Park', 'Private');
INSERT INTO policeLocation (r_id, longitude, latitude, neighborhood, location_type, premise_type) VALUES ('fc4cf7ba-7e3e-4d5d-b75f-0889b442dc96', -79.441341, 43.669778, 'Brampton', 'Transit Station', 'Public');
INSERT INTO policeLocation (r_id, longitude, latitude, neighborhood, location_type, premise_type) VALUES ('f7cc52c3-4136-4a89-9e95-3abda322b6a4', -79.444247, 43.768211, 'Entertainment District', 'Transit Station', 'Private');
INSERT INTO policeLocation (r_id, longitude, latitude, neighborhood, location_type, premise_type) VALUES ('51f47f9c-cb7e-4625-89dc-a52549e4d1c3', -79.409896, 43.75911, 'Kensington Market', 'Transit Station', 'Private');
INSERT INTO policeLocation (r_id, longitude, latitude, neighborhood, location_type, premise_type) VALUES ('bcc0c7f5-8e8d-47b5-89dc-4978e0d3d9d3', -79.577777, 43.615028, 'Entertainment District', 'Transit Station', 'Private');
INSERT INTO policeLocation (r_id, longitude, latitude, neighborhood, location_type, premise_type) VALUES ('0445ef06-bfb1-451f-aaf5-25b8dfcf50a8', -79.218217, 43.656806, 'Brampton', 'Street', 'Public');
INSERT INTO policeLocation (r_id, longitude, latitude, neighborhood, location_type, premise_type) VALUES ('dc35206f-93c8-41dc-b275-67df73f70300', -79.103065, 43.616871, 'Entertainment District', 'Transit Station', 'Public');
INSERT INTO policeLocation (r_id, longitude, latitude, neighborhood, location_type, premise_type) VALUES ('f20e48e8-d62f-4162-9d39-ef0d69810868', -79.292827, 43.625884, 'Entertainment District', 'Transit Station', 'Private');
INSERT INTO policeLocation (r_id, longitude, latitude, neighborhood, location_type, premise_type) VALUES ('bd9288c1-5ded-4180-b68d-2dc907f5e487', -79.117673, 43.636279, 'Entertainment District', 'Street', 'Private');
INSERT INTO policeLocation (r_id, longitude, latitude, neighborhood, location_type, premise_type) VALUES ('9d32fc46-04d4-43b2-93ad-73bec5281893', -79.210209, 43.626243, 'Entertainment District', 'Street', 'Private');
INSERT INTO policeLocation (r_id, longitude, latitude, neighborhood, location_type, premise_type) VALUES ('37041e64-c0fb-40f5-9a1e-6d44561fdd93', -79.515482, 43.761314, 'Entertainment District', 'Street', 'Public');
INSERT INTO policeLocation (r_id, longitude, latitude, neighborhood, location_type, premise_type) VALUES ('0afc6fc5-cc9a-411e-9df8-7284634635fe', -79.397034, 43.78589, 'Kensington Market', 'Park', 'Private');
INSERT INTO policeLocation (r_id, longitude, latitude, neighborhood, location_type, premise_type) VALUES ('95853f58-bf1d-415d-9aca-46f12719c2a8', -79.256761, 43.635474, 'Brampton', 'Park', 'Private');
INSERT INTO policeLocation (r_id, longitude, latitude, neighborhood, location_type, premise_type) VALUES ('ffb630ac-7369-4c05-869c-9ed6bf964135', -79.283506, 43.797302, 'Brampton', 'Transit Station', 'Public');
INSERT INTO policeLocation (r_id, longitude, latitude, neighborhood, location_type, premise_type) VALUES ('cb64bdc1-ea66-47e3-8951-7c7aabd18e95', -79.326834, 43.693732, 'Entertainment District', 'Transit Station', 'Private');
INSERT INTO policeLocation (r_id, longitude, latitude, neighborhood, location_type, premise_type) VALUES ('8b3d129e-d069-4304-b84b-129af6af2a52', -79.120759, 43.644576, 'Entertainment District', 'Street', 'Public');
INSERT INTO policeLocation (r_id, longitude, latitude, neighborhood, location_type, premise_type) VALUES ('a6ddd80d-22ac-4b8c-8325-6330393b5fec', -79.329811, 43.704693, 'Kensington Market', 'Park', 'Public');
INSERT INTO policeLocation (r_id, longitude, latitude, neighborhood, location_type, premise_type) VALUES ('8ad849a9-747a-4b6e-a0eb-1a0b291b2dfc', -79.520175, 43.635773, 'Brampton', 'Transit Station', 'Private');
INSERT INTO policeLocation (r_id, longitude, latitude, neighborhood, location_type, premise_type) VALUES ('0b874f23-39d4-43ac-9e2d-5c396901f749', -79.485749, 43.697742, 'Kensington Market', 'Street', 'Public');
INSERT INTO policeLocation (r_id, longitude, latitude, neighborhood, location_type, premise_type) VALUES ('819110b2-d95b-4f41-86ad-88b6e52cda58', -79.179095, 43.600239, 'Brampton', 'Transit Station', 'Public');
INSERT INTO policeLocation (r_id, longitude, latitude, neighborhood, location_type, premise_type) VALUES ('9427ff2f-6f49-401f-ae40-3f001cfddd18', -79.355973, 43.694709, 'Entertainment District', 'Park', 'Public');
INSERT INTO policeLocation (r_id, longitude, latitude, neighborhood, location_type, premise_type) VALUES ('d1ac1503-73ee-4e56-8ef7-8d58c1ee8214', -79.251908, 43.722877, 'Kensington Market', 'Park', 'Public');
INSERT INTO policeLocation (r_id, longitude, latitude, neighborhood, location_type, premise_type) VALUES ('94147f71-a1da-49d8-b8d2-329d52053d64', -79.211453, 43.694531, 'Brampton', 'Park', 'Private');

INSERT INTO userReports (r_id, assault_type, occurence_date, reported_date, user_id) VALUES ('0069dd40-5e0e-44e4-9832-d677179d7b73', 'Verbal Harassment', '2019-10-01', '2019-10-08', 'e45d26fe-f66a-4d38-a663-269589d45620');
INSERT INTO userReports (r_id, assault_type, occurence_date, reported_date, user_id) VALUES ('3290182f-13ba-4ff6-970f-a8742ab3ebc2', 'Robbery', '2020-10-05', '2020-10-11', 'cd3a1d5b-5a97-4636-a219-73243b49df0c');
INSERT INTO userReports (r_id, assault_type, occurence_date, reported_date, user_id) VALUES ('7219a0fa-e9bd-4d6a-b85f-809006397be5', 'Verbal Harassment', '2016-07-19', '2016-07-28', 'cd3a1d5b-5a97-4636-a219-73243b49df0c');
INSERT INTO userReports (r_id, assault_type, occurence_date, reported_date, user_id) VALUES ('41e579a2-0955-43ea-92fe-db34ad7bd6db', 'Physical Assault', '2019-10-12', '2019-10-20', 'e45d26fe-f66a-4d38-a663-269589d45620');
INSERT INTO userReports (r_id, assault_type, occurence_date, reported_date, user_id) VALUES ('28f21067-13a3-4c6e-957c-95501df9bd13', 'Robbery', '2015-09-19', '2015-09-19', 'e45d26fe-f66a-4d38-a663-269589d45620');
INSERT INTO userReports (r_id, assault_type, occurence_date, reported_date, user_id) VALUES ('ecdb1d71-f6c5-4bc9-8e24-89057d8223a9', 'Physical Assault', '2020-11-25', '2020-11-27', 'cd3a1d5b-5a97-4636-a219-73243b49df0c');
INSERT INTO userReports (r_id, assault_type, occurence_date, reported_date, user_id) VALUES ('95e01ef3-bc00-4053-a5e5-ab808c03a480', 'Robbery', '2018-06-07', '2018-06-14', 'cd3a1d5b-5a97-4636-a219-73243b49df0c');
INSERT INTO userReports (r_id, assault_type, occurence_date, reported_date, user_id) VALUES ('b643e993-fd5a-4460-a8f9-3d646cba986d', 'Robbery', '2018-05-15', '2018-05-25', 'cd3a1d5b-5a97-4636-a219-73243b49df0c');
INSERT INTO userReports (r_id, assault_type, occurence_date, reported_date, user_id) VALUES ('8ab1fdff-44d8-41d8-aea1-0d259fc2e3c5', 'Verbal Harassment', '2015-11-26', '2015-11-26', 'cd3a1d5b-5a97-4636-a219-73243b49df0c');
INSERT INTO userReports (r_id, assault_type, occurence_date, reported_date, user_id) VALUES ('9c0c95d0-8df6-451e-994e-775536821102', 'Physical Assault', '2019-09-20', '2019-09-30', 'e45d26fe-f66a-4d38-a663-269589d45620');
INSERT INTO userReports (r_id, assault_type, occurence_date, reported_date, user_id) VALUES ('7d3f2fa7-9dfd-45f5-b020-9d0928809f73', 'Verbal Harassment', '2019-12-27', '2020-01-03', 'cd3a1d5b-5a97-4636-a219-73243b49df0c');
INSERT INTO userReports (r_id, assault_type, occurence_date, reported_date, user_id) VALUES ('6bf5cd6b-3a9f-4727-8d3d-5016ebcfd99f', 'Physical Assault', '2024-10-08', '2024-10-18', 'e45d26fe-f66a-4d38-a663-269589d45620');
INSERT INTO userReports (r_id, assault_type, occurence_date, reported_date, user_id) VALUES ('2f6a0e8f-dd8d-416d-baf4-922566e40cc5', 'Robbery', '2015-02-07', '2015-02-08', 'e45d26fe-f66a-4d38-a663-269589d45620');
INSERT INTO userReports (r_id, assault_type, occurence_date, reported_date, user_id) VALUES ('d743bcb0-0709-4b01-a806-a48b9973d779', 'Verbal Harassment', '2023-02-24', '2023-02-24', 'cd3a1d5b-5a97-4636-a219-73243b49df0c');
INSERT INTO userReports (r_id, assault_type, occurence_date, reported_date, user_id) VALUES ('b303e38c-7d16-43be-9ba7-9fc2c059a2e8', 'Robbery', '2017-01-01', '2017-01-07', 'cd3a1d5b-5a97-4636-a219-73243b49df0c');
INSERT INTO userReports (r_id, assault_type, occurence_date, reported_date, user_id) VALUES ('32744e63-67bf-43e2-a3b9-92761bb96422', 'Verbal Harassment', '2021-07-20', '2021-07-28', 'e45d26fe-f66a-4d38-a663-269589d45620');
INSERT INTO userReports (r_id, assault_type, occurence_date, reported_date, user_id) VALUES ('673b4a7a-b061-43d4-bccc-16af0375e652', 'Robbery', '2025-12-27', '2025-12-31', 'cd3a1d5b-5a97-4636-a219-73243b49df0c');
INSERT INTO userReports (r_id, assault_type, occurence_date, reported_date, user_id) VALUES ('6a70277c-d901-4d80-a840-6d83f46f9bba', 'Robbery', '2020-12-27', '2021-01-03', 'e45d26fe-f66a-4d38-a663-269589d45620');
INSERT INTO userReports (r_id, assault_type, occurence_date, reported_date, user_id) VALUES ('e8045e0f-06a9-4128-98ee-290147517e23', 'Robbery', '2022-10-27', '2022-10-30', 'e45d26fe-f66a-4d38-a663-269589d45620');
INSERT INTO userReports (r_id, assault_type, occurence_date, reported_date, user_id) VALUES ('48f3b1dc-3f53-45c2-bbc1-e948bc2f846a', 'Physical Assault', '2019-05-07', '2019-05-17', 'cd3a1d5b-5a97-4636-a219-73243b49df0c');
INSERT INTO userReports (r_id, assault_type, occurence_date, reported_date, user_id) VALUES ('9b736372-bf89-424e-9849-e99401325082', 'Physical Assault', '2015-03-23', '2015-03-30', 'e45d26fe-f66a-4d38-a663-269589d45620');
INSERT INTO userReports (r_id, assault_type, occurence_date, reported_date, user_id) VALUES ('ee7309bc-ecdc-4dbc-b5e8-cb271e381dee', 'Physical Assault', '2024-09-13', '2024-09-13', 'e45d26fe-f66a-4d38-a663-269589d45620');
INSERT INTO userReports (r_id, assault_type, occurence_date, reported_date, user_id) VALUES ('d45263e9-c9d3-4224-aa50-1a11e3963426', 'Verbal Harassment', '2021-11-04', '2021-11-06', 'e45d26fe-f66a-4d38-a663-269589d45620');
INSERT INTO userReports (r_id, assault_type, occurence_date, reported_date, user_id) VALUES ('e179d5c8-52a6-416a-912c-9a02a0dedba6', 'Verbal Harassment', '2021-11-19', '2021-11-23', 'cd3a1d5b-5a97-4636-a219-73243b49df0c');
INSERT INTO userReports (r_id, assault_type, occurence_date, reported_date, user_id) VALUES ('d171a561-9169-4d01-af5d-7617bd657331', 'Physical Assault', '2017-09-16', '2017-09-24', 'e45d26fe-f66a-4d38-a663-269589d45620');
INSERT INTO userReports (r_id, assault_type, occurence_date, reported_date, user_id) VALUES ('51843d7c-2f27-4baf-96c5-6615626f1ace', 'Verbal Harassment', '2024-04-25', '2024-05-03', 'cd3a1d5b-5a97-4636-a219-73243b49df0c');
INSERT INTO userReports (r_id, assault_type, occurence_date, reported_date, user_id) VALUES ('9dc16e2c-8218-4878-85e3-77f4699b359a', 'Verbal Harassment', '2021-09-07', '2021-09-15', 'cd3a1d5b-5a97-4636-a219-73243b49df0c');
INSERT INTO userReports (r_id, assault_type, occurence_date, reported_date, user_id) VALUES ('3e3ec8dd-a68d-4b2f-8c81-fc992d4568db', 'Verbal Harassment', '2019-11-03', '2019-11-07', 'cd3a1d5b-5a97-4636-a219-73243b49df0c');
INSERT INTO userReports (r_id, assault_type, occurence_date, reported_date, user_id) VALUES ('c66f88f3-393f-438f-b545-cb9622cfd990', 'Robbery', '2020-03-04', '2020-03-07', 'cd3a1d5b-5a97-4636-a219-73243b49df0c');
INSERT INTO userReports (r_id, assault_type, occurence_date, reported_date, user_id) VALUES ('37791844-9516-4e10-80e6-3a73424332dc', 'Verbal Harassment', '2025-06-12', '2025-06-13', 'cd3a1d5b-5a97-4636-a219-73243b49df0c');
INSERT INTO userReports (r_id, assault_type, occurence_date, reported_date, user_id) VALUES ('2c095336-f17e-41d5-8090-d6acc0c53316', 'Verbal Harassment', '2017-06-21', '2017-06-24', 'e45d26fe-f66a-4d38-a663-269589d45620');
INSERT INTO userReports (r_id, assault_type, occurence_date, reported_date, user_id) VALUES ('989dda90-ed56-4efe-a230-a5cf41abb3c4', 'Robbery', '2017-12-16', '2017-12-17', 'cd3a1d5b-5a97-4636-a219-73243b49df0c');
INSERT INTO userReports (r_id, assault_type, occurence_date, reported_date, user_id) VALUES ('354823ec-9b70-4392-a6da-839d18e4be8f', 'Verbal Harassment', '2025-10-26', '2025-11-03', 'cd3a1d5b-5a97-4636-a219-73243b49df0c');
INSERT INTO userReports (r_id, assault_type, occurence_date, reported_date, user_id) VALUES ('25712b22-82fb-48c5-8e05-048b86cd3a1c', 'Verbal Harassment', '2018-03-14', '2018-03-17', 'cd3a1d5b-5a97-4636-a219-73243b49df0c');
INSERT INTO userReports (r_id, assault_type, occurence_date, reported_date, user_id) VALUES ('75931b7d-0b27-45d1-b636-ea4a51a1ce5b', 'Physical Assault', '2016-05-05', '2016-05-15', 'e45d26fe-f66a-4d38-a663-269589d45620');
INSERT INTO userReports (r_id, assault_type, occurence_date, reported_date, user_id) VALUES ('2619a19f-4316-4524-bd89-eb1994c015b8', 'Physical Assault', '2021-07-22', '2021-07-26', 'e45d26fe-f66a-4d38-a663-269589d45620');
INSERT INTO userReports (r_id, assault_type, occurence_date, reported_date, user_id) VALUES ('bf3bfae2-0208-4538-99e4-63b48a10a9e2', 'Physical Assault', '2016-12-14', '2016-12-23', 'cd3a1d5b-5a97-4636-a219-73243b49df0c');
INSERT INTO userReports (r_id, assault_type, occurence_date, reported_date, user_id) VALUES ('bf81be9e-7cee-4b27-aac0-3f1f2ade162c', 'Robbery', '2018-06-13', '2018-06-17', 'e45d26fe-f66a-4d38-a663-269589d45620');
INSERT INTO userReports (r_id, assault_type, occurence_date, reported_date, user_id) VALUES ('37164cc3-4165-4bc5-b2ef-59b6723724ef', 'Physical Assault', '2017-01-04', '2017-01-04', 'e45d26fe-f66a-4d38-a663-269589d45620');
INSERT INTO userReports (r_id, assault_type, occurence_date, reported_date, user_id) VALUES ('6163abbc-b13c-459c-97d1-0af2883fd2ad', 'Robbery', '2018-05-02', '2018-05-06', 'cd3a1d5b-5a97-4636-a219-73243b49df0c');
INSERT INTO userReports (r_id, assault_type, occurence_date, reported_date, user_id) VALUES ('c5f00e8d-68d6-42f9-b5de-362fb29703f0', 'Verbal Harassment', '2017-09-16', '2017-09-20', 'e45d26fe-f66a-4d38-a663-269589d45620');
INSERT INTO userReports (r_id, assault_type, occurence_date, reported_date, user_id) VALUES ('25869100-6d04-4520-8ad8-243158b7ec65', 'Robbery', '2022-03-14', '2022-03-24', 'cd3a1d5b-5a97-4636-a219-73243b49df0c');
INSERT INTO userReports (r_id, assault_type, occurence_date, reported_date, user_id) VALUES ('e6ed44b4-02ef-4318-83ca-c29a8a8fdb78', 'Physical Assault', '2020-11-27', '2020-11-28', 'e45d26fe-f66a-4d38-a663-269589d45620');
INSERT INTO userReports (r_id, assault_type, occurence_date, reported_date, user_id) VALUES ('82837879-f9ff-4e67-a471-3f101674d175', 'Robbery', '2015-09-09', '2015-09-19', 'cd3a1d5b-5a97-4636-a219-73243b49df0c');
INSERT INTO userReports (r_id, assault_type, occurence_date, reported_date, user_id) VALUES ('e05bd06d-f676-4831-b8c9-41d5ea787960', 'Verbal Harassment', '2017-02-22', '2017-02-24', 'e45d26fe-f66a-4d38-a663-269589d45620');
INSERT INTO userReports (r_id, assault_type, occurence_date, reported_date, user_id) VALUES ('5508e349-18f0-44e6-8a59-cbb9a7ba71da', 'Physical Assault', '2023-10-10', '2023-10-19', 'cd3a1d5b-5a97-4636-a219-73243b49df0c');
INSERT INTO userReports (r_id, assault_type, occurence_date, reported_date, user_id) VALUES ('853de596-487c-4156-b463-fecbbdbee000', 'Verbal Harassment', '2020-02-21', '2020-02-28', 'e45d26fe-f66a-4d38-a663-269589d45620');
INSERT INTO userReports (r_id, assault_type, occurence_date, reported_date, user_id) VALUES ('32908835-b759-46dc-9010-fadf791b5e41', 'Robbery', '2017-04-17', '2017-04-20', 'cd3a1d5b-5a97-4636-a219-73243b49df0c');
INSERT INTO userReports (r_id, assault_type, occurence_date, reported_date, user_id) VALUES ('6b997359-7295-4018-b256-06afadaa3656', 'Physical Assault', '2021-02-08', '2021-02-12', 'e45d26fe-f66a-4d38-a663-269589d45620');
INSERT INTO userReports (r_id, assault_type, occurence_date, reported_date, user_id) VALUES ('28e7452a-6231-4005-87ef-28a9bb0e8deb', 'Physical Assault', '2018-10-24', '2018-11-02', 'cd3a1d5b-5a97-4636-a219-73243b49df0c');
INSERT INTO userReports (r_id, assault_type, occurence_date, reported_date, user_id) VALUES ('1ce06ed0-2d9f-43a5-bfcd-103f21612665', 'Physical Assault', '2023-08-16', '2023-08-19', 'e45d26fe-f66a-4d38-a663-269589d45620');
INSERT INTO userReports (r_id, assault_type, occurence_date, reported_date, user_id) VALUES ('a9b81584-2c80-4d58-beb4-989e498f8095', 'Physical Assault', '2015-05-25', '2015-06-04', 'e45d26fe-f66a-4d38-a663-269589d45620');
INSERT INTO userReports (r_id, assault_type, occurence_date, reported_date, user_id) VALUES ('86bb46de-4cfc-42a5-8b88-9bc393961ec5', 'Robbery', '2020-02-07', '2020-02-17', 'cd3a1d5b-5a97-4636-a219-73243b49df0c');
INSERT INTO userReports (r_id, assault_type, occurence_date, reported_date, user_id) VALUES ('7d9f2db4-865f-493c-bbde-b4d7348c9be0', 'Robbery', '2019-04-09', '2019-04-18', 'cd3a1d5b-5a97-4636-a219-73243b49df0c');
INSERT INTO userReports (r_id, assault_type, occurence_date, reported_date, user_id) VALUES ('de074b01-64b9-4729-9197-6b2ccefdc150', 'Robbery', '2015-11-10', '2015-11-17', 'cd3a1d5b-5a97-4636-a219-73243b49df0c');
INSERT INTO userReports (r_id, assault_type, occurence_date, reported_date, user_id) VALUES ('40b494dc-5852-40dc-aa7f-9f47eaedeef7', 'Physical Assault', '2024-01-02', '2024-01-08', 'e45d26fe-f66a-4d38-a663-269589d45620');
INSERT INTO userReports (r_id, assault_type, occurence_date, reported_date, user_id) VALUES ('0f54214b-53df-404d-9155-11e72f9f1fb2', 'Physical Assault', '2022-01-19', '2022-01-27', 'e45d26fe-f66a-4d38-a663-269589d45620');
INSERT INTO userReports (r_id, assault_type, occurence_date, reported_date, user_id) VALUES ('d596277a-b54e-4e4e-a050-b16859a510f4', 'Verbal Harassment', '2024-02-21', '2024-02-29', 'e45d26fe-f66a-4d38-a663-269589d45620');
INSERT INTO userReports (r_id, assault_type, occurence_date, reported_date, user_id) VALUES ('10112b00-5bfa-4ffc-a97d-1ffa9ee86c44', 'Verbal Harassment', '2022-02-22', '2022-02-24', 'cd3a1d5b-5a97-4636-a219-73243b49df0c');
INSERT INTO userReports (r_id, assault_type, occurence_date, reported_date, user_id) VALUES ('dd7cc98f-aa0f-4031-b143-9830518bd9c4', 'Physical Assault', '2019-06-19', '2019-06-26', 'cd3a1d5b-5a97-4636-a219-73243b49df0c');
INSERT INTO userReports (r_id, assault_type, occurence_date, reported_date, user_id) VALUES ('0ef433c4-e89d-4a83-88fc-d91dc98ee518', 'Verbal Harassment', '2020-05-22', '2020-05-31', 'cd3a1d5b-5a97-4636-a219-73243b49df0c');
INSERT INTO userReports (r_id, assault_type, occurence_date, reported_date, user_id) VALUES ('5554b7eb-3009-4489-b415-603b7f42f2eb', 'Robbery', '2021-06-28', '2021-07-01', 'e45d26fe-f66a-4d38-a663-269589d45620');
INSERT INTO userReports (r_id, assault_type, occurence_date, reported_date, user_id) VALUES ('e4a98d51-f8c4-4097-ac8e-d806f18a8811', 'Physical Assault', '2019-08-11', '2019-08-14', 'cd3a1d5b-5a97-4636-a219-73243b49df0c');
INSERT INTO userReports (r_id, assault_type, occurence_date, reported_date, user_id) VALUES ('22414a8e-70b8-42c3-9df4-1bf790c1624f', 'Physical Assault', '2015-09-14', '2015-09-16', 'cd3a1d5b-5a97-4636-a219-73243b49df0c');
INSERT INTO userReports (r_id, assault_type, occurence_date, reported_date, user_id) VALUES ('84257414-fc53-4917-b2c3-b45b814a7f3d', 'Verbal Harassment', '2021-09-04', '2021-09-14', 'cd3a1d5b-5a97-4636-a219-73243b49df0c');
INSERT INTO userReports (r_id, assault_type, occurence_date, reported_date, user_id) VALUES ('b236285e-7418-4f01-add3-5c26b3626936', 'Robbery', '2019-10-07', '2019-10-15', 'cd3a1d5b-5a97-4636-a219-73243b49df0c');
INSERT INTO userReports (r_id, assault_type, occurence_date, reported_date, user_id) VALUES ('ba2f21b4-30f0-438e-8712-d667d38f30d7', 'Robbery', '2016-01-12', '2016-01-20', 'cd3a1d5b-5a97-4636-a219-73243b49df0c');
INSERT INTO userReports (r_id, assault_type, occurence_date, reported_date, user_id) VALUES ('4f9a959b-f9b7-44e0-8152-f13f70e2a13c', 'Verbal Harassment', '2015-08-19', '2015-08-25', 'e45d26fe-f66a-4d38-a663-269589d45620');
INSERT INTO userReports (r_id, assault_type, occurence_date, reported_date, user_id) VALUES ('acbeeec0-2a2b-4431-8d16-1be1a4a7376a', 'Robbery', '2025-02-13', '2025-02-23', 'cd3a1d5b-5a97-4636-a219-73243b49df0c');
INSERT INTO userReports (r_id, assault_type, occurence_date, reported_date, user_id) VALUES ('42d1e70e-f84b-458c-8860-56cbff2903d5', 'Physical Assault', '2021-06-17', '2021-06-22', 'cd3a1d5b-5a97-4636-a219-73243b49df0c');
INSERT INTO userReports (r_id, assault_type, occurence_date, reported_date, user_id) VALUES ('e4491cfb-129b-44f8-a28e-3777700b0714', 'Physical Assault', '2025-06-28', '2025-07-03', 'cd3a1d5b-5a97-4636-a219-73243b49df0c');
INSERT INTO userReports (r_id, assault_type, occurence_date, reported_date, user_id) VALUES ('ef674efa-ae60-4790-aff7-ed3cde281b85', 'Robbery', '2015-01-13', '2015-01-23', 'e45d26fe-f66a-4d38-a663-269589d45620');
INSERT INTO userReports (r_id, assault_type, occurence_date, reported_date, user_id) VALUES ('07d0fb30-48c1-48e6-8ef0-ef58e5efbb68', 'Robbery', '2024-03-16', '2024-03-25', 'cd3a1d5b-5a97-4636-a219-73243b49df0c');
INSERT INTO userReports (r_id, assault_type, occurence_date, reported_date, user_id) VALUES ('0a790540-3085-4eaa-85d9-cb64f54cd311', 'Robbery', '2022-10-03', '2022-10-03', 'e45d26fe-f66a-4d38-a663-269589d45620');
INSERT INTO userReports (r_id, assault_type, occurence_date, reported_date, user_id) VALUES ('5e0e3c22-fa3a-45df-8f06-183f78a9d0f4', 'Verbal Harassment', '2018-06-25', '2018-07-03', 'cd3a1d5b-5a97-4636-a219-73243b49df0c');
INSERT INTO userReports (r_id, assault_type, occurence_date, reported_date, user_id) VALUES ('edb2e59d-bc1c-4cb7-b13b-7fa05ef1ac8e', 'Physical Assault', '2020-02-17', '2020-02-27', 'e45d26fe-f66a-4d38-a663-269589d45620');
INSERT INTO userReports (r_id, assault_type, occurence_date, reported_date, user_id) VALUES ('771bb05c-cf48-465d-860d-b1aa755a842d', 'Robbery', '2023-08-25', '2023-08-26', 'cd3a1d5b-5a97-4636-a219-73243b49df0c');
INSERT INTO userReports (r_id, assault_type, occurence_date, reported_date, user_id) VALUES ('96cf2931-32ee-498f-82a9-29a6f37f3b06', 'Physical Assault', '2018-01-22', '2018-01-26', 'e45d26fe-f66a-4d38-a663-269589d45620');
INSERT INTO userReports (r_id, assault_type, occurence_date, reported_date, user_id) VALUES ('b2e70ccc-aaca-4789-86eb-2b3fc7abf841', 'Robbery', '2020-08-07', '2020-08-07', 'e45d26fe-f66a-4d38-a663-269589d45620');
INSERT INTO userReports (r_id, assault_type, occurence_date, reported_date, user_id) VALUES ('76d9a5da-822c-4453-9843-40c5d7619282', 'Verbal Harassment', '2023-12-26', '2023-12-28', 'e45d26fe-f66a-4d38-a663-269589d45620');
INSERT INTO userReports (r_id, assault_type, occurence_date, reported_date, user_id) VALUES ('a55e67ef-982a-47b1-a870-fcc7d157049b', 'Robbery', '2018-10-15', '2018-10-15', 'cd3a1d5b-5a97-4636-a219-73243b49df0c');
INSERT INTO userReports (r_id, assault_type, occurence_date, reported_date, user_id) VALUES ('96ef7579-85c2-4483-ad3f-abbdf596643f', 'Robbery', '2025-12-14', '2025-12-18', 'cd3a1d5b-5a97-4636-a219-73243b49df0c');
INSERT INTO userReports (r_id, assault_type, occurence_date, reported_date, user_id) VALUES ('b5f1d5c1-013f-4f90-8a9b-d263931f8268', 'Verbal Harassment', '2025-07-14', '2025-07-23', 'e45d26fe-f66a-4d38-a663-269589d45620');
INSERT INTO userReports (r_id, assault_type, occurence_date, reported_date, user_id) VALUES ('1f2ad67b-e0be-4ea6-9d39-5a1fed356d16', 'Physical Assault', '2015-07-26', '2015-08-04', 'e45d26fe-f66a-4d38-a663-269589d45620');
INSERT INTO userReports (r_id, assault_type, occurence_date, reported_date, user_id) VALUES ('960e1b38-b314-4691-8399-0aa44d9ef346', 'Physical Assault', '2025-04-26', '2025-04-29', 'e45d26fe-f66a-4d38-a663-269589d45620');
INSERT INTO userReports (r_id, assault_type, occurence_date, reported_date, user_id) VALUES ('f1bfd7ba-c627-4cac-88e6-43f1093b05e9', 'Physical Assault', '2017-12-04', '2017-12-04', 'cd3a1d5b-5a97-4636-a219-73243b49df0c');
INSERT INTO userReports (r_id, assault_type, occurence_date, reported_date, user_id) VALUES ('99f3b92c-3266-4089-bd1d-28c837d33fc5', 'Physical Assault', '2023-09-14', '2023-09-22', 'cd3a1d5b-5a97-4636-a219-73243b49df0c');
INSERT INTO userReports (r_id, assault_type, occurence_date, reported_date, user_id) VALUES ('c9e43333-4dca-4545-bb11-4f153e04bcc3', 'Physical Assault', '2016-01-19', '2016-01-25', 'e45d26fe-f66a-4d38-a663-269589d45620');
INSERT INTO userReports (r_id, assault_type, occurence_date, reported_date, user_id) VALUES ('5b2f9cfc-1cba-4fd3-9270-28625f53440b', 'Physical Assault', '2018-01-10', '2018-01-12', 'cd3a1d5b-5a97-4636-a219-73243b49df0c');
INSERT INTO userReports (r_id, assault_type, occurence_date, reported_date, user_id) VALUES ('db885e51-bac4-4de6-bd4f-8e80f7a281a9', 'Verbal Harassment', '2025-02-10', '2025-02-14', 'e45d26fe-f66a-4d38-a663-269589d45620');
INSERT INTO userReports (r_id, assault_type, occurence_date, reported_date, user_id) VALUES ('99fbcc80-13a8-4f81-a040-0217b199d843', 'Verbal Harassment', '2020-10-25', '2020-10-28', 'e45d26fe-f66a-4d38-a663-269589d45620');
INSERT INTO userReports (r_id, assault_type, occurence_date, reported_date, user_id) VALUES ('0f615934-b305-405d-88e2-daa5b99c0cae', 'Verbal Harassment', '2016-08-27', '2016-08-29', 'e45d26fe-f66a-4d38-a663-269589d45620');
INSERT INTO userReports (r_id, assault_type, occurence_date, reported_date, user_id) VALUES ('58e9222e-89bf-4ffc-9210-9b775ba2a6bb', 'Physical Assault', '2020-01-13', '2020-01-19', 'cd3a1d5b-5a97-4636-a219-73243b49df0c');
INSERT INTO userReports (r_id, assault_type, occurence_date, reported_date, user_id) VALUES ('485ba6ef-f9ad-4aae-bc06-de28f3e80580', 'Verbal Harassment', '2021-02-01', '2021-02-07', 'cd3a1d5b-5a97-4636-a219-73243b49df0c');
INSERT INTO userReports (r_id, assault_type, occurence_date, reported_date, user_id) VALUES ('a6c7572d-c8a6-4a69-9868-8823afc514ec', 'Robbery', '2018-06-19', '2018-06-26', 'cd3a1d5b-5a97-4636-a219-73243b49df0c');
INSERT INTO userReports (r_id, assault_type, occurence_date, reported_date, user_id) VALUES ('bf00c08a-1215-4932-ba72-04b500fa15ba', 'Physical Assault', '2016-10-03', '2016-10-09', 'cd3a1d5b-5a97-4636-a219-73243b49df0c');
INSERT INTO userReports (r_id, assault_type, occurence_date, reported_date, user_id) VALUES ('bf558143-765d-4e1e-b9ce-9db019a88e06', 'Robbery', '2018-12-13', '2018-12-13', 'e45d26fe-f66a-4d38-a663-269589d45620');
INSERT INTO userReports (r_id, assault_type, occurence_date, reported_date, user_id) VALUES ('2885fa8a-910d-414a-8b53-b2b7d0eba627', 'Physical Assault', '2016-05-24', '2016-05-26', 'cd3a1d5b-5a97-4636-a219-73243b49df0c');
INSERT INTO userReports (r_id, assault_type, occurence_date, reported_date, user_id) VALUES ('eceab6c7-4c4a-4f0e-b535-736f2441a7e2', 'Robbery', '2022-11-06', '2022-11-15', 'e45d26fe-f66a-4d38-a663-269589d45620');
INSERT INTO userReports (r_id, assault_type, occurence_date, reported_date, user_id) VALUES ('18da0fc5-da62-48d7-a48d-bc3fa01e8a25', 'Physical Assault', '2018-03-10', '2018-03-17', 'cd3a1d5b-5a97-4636-a219-73243b49df0c');

INSERT INTO userLocation (r_id, longitude, latitude, neighborhood, location_type, premise_type) VALUES ('0069dd40-5e0e-44e4-9832-d677179d7b73', -79.136508, 43.795844, 'Clairlea-Birchmount', 'Apartment', 'Public');
INSERT INTO userLocation (r_id, longitude, latitude, neighborhood, location_type, premise_type) VALUES ('3290182f-13ba-4ff6-970f-a8742ab3ebc2', -79.446588, 43.678906, 'Brampton', 'Apartment', 'Public');
INSERT INTO userLocation (r_id, longitude, latitude, neighborhood, location_type, premise_type) VALUES ('7219a0fa-e9bd-4d6a-b85f-809006397be5', -79.16652, 43.750924, 'Kensington Market', 'Sidewalk', 'Private');
INSERT INTO userLocation (r_id, longitude, latitude, neighborhood, location_type, premise_type) VALUES ('41e579a2-0955-43ea-92fe-db34ad7bd6db', -79.529364, 43.655306, 'Clairlea-Birchmount', 'House', 'Private');
INSERT INTO userLocation (r_id, longitude, latitude, neighborhood, location_type, premise_type) VALUES ('28f21067-13a3-4c6e-957c-95501df9bd13', -79.339322, 43.63385, 'Clairlea-Birchmount', 'House', 'Private');
INSERT INTO userLocation (r_id, longitude, latitude, neighborhood, location_type, premise_type) VALUES ('ecdb1d71-f6c5-4bc9-8e24-89057d8223a9', -79.311415, 43.704062, 'Kensington Market', 'Sidewalk', 'Public');
INSERT INTO userLocation (r_id, longitude, latitude, neighborhood, location_type, premise_type) VALUES ('95e01ef3-bc00-4053-a5e5-ab808c03a480', -79.119511, 43.732263, 'Brampton', 'Sidewalk', 'Public');
INSERT INTO userLocation (r_id, longitude, latitude, neighborhood, location_type, premise_type) VALUES ('b643e993-fd5a-4460-a8f9-3d646cba986d', -79.155811, 43.610023, 'Kensington Market', 'Apartment', 'Public');
INSERT INTO userLocation (r_id, longitude, latitude, neighborhood, location_type, premise_type) VALUES ('8ab1fdff-44d8-41d8-aea1-0d259fc2e3c5', -79.552167, 43.602927, 'Kensington Market', 'Apartment', 'Public');
INSERT INTO userLocation (r_id, longitude, latitude, neighborhood, location_type, premise_type) VALUES ('9c0c95d0-8df6-451e-994e-775536821102', -79.237133, 43.709918, 'Brampton', 'Sidewalk', 'Public');
INSERT INTO userLocation (r_id, longitude, latitude, neighborhood, location_type, premise_type) VALUES ('7d3f2fa7-9dfd-45f5-b020-9d0928809f73', -79.586296, 43.738592, 'Kensington Market', 'Apartment', 'Private');
INSERT INTO userLocation (r_id, longitude, latitude, neighborhood, location_type, premise_type) VALUES ('6bf5cd6b-3a9f-4727-8d3d-5016ebcfd99f', -79.481987, 43.67376, 'Clairlea-Birchmount', 'House', 'Private');
INSERT INTO userLocation (r_id, longitude, latitude, neighborhood, location_type, premise_type) VALUES ('2f6a0e8f-dd8d-416d-baf4-922566e40cc5', -79.213418, 43.689553, 'Clairlea-Birchmount', 'Sidewalk', 'Public');
INSERT INTO userLocation (r_id, longitude, latitude, neighborhood, location_type, premise_type) VALUES ('d743bcb0-0709-4b01-a806-a48b9973d779', -79.285043, 43.759561, 'Clairlea-Birchmount', 'Apartment', 'Public');
INSERT INTO userLocation (r_id, longitude, latitude, neighborhood, location_type, premise_type) VALUES ('b303e38c-7d16-43be-9ba7-9fc2c059a2e8', -79.580984, 43.718448, 'Clairlea-Birchmount', 'Sidewalk', 'Public');
INSERT INTO userLocation (r_id, longitude, latitude, neighborhood, location_type, premise_type) VALUES ('32744e63-67bf-43e2-a3b9-92761bb96422', -79.191643, 43.717871, 'Kensington Market', 'Apartment', 'Private');
INSERT INTO userLocation (r_id, longitude, latitude, neighborhood, location_type, premise_type) VALUES ('673b4a7a-b061-43d4-bccc-16af0375e652', -79.207749, 43.797971, 'Kensington Market', 'House', 'Private');
INSERT INTO userLocation (r_id, longitude, latitude, neighborhood, location_type, premise_type) VALUES ('6a70277c-d901-4d80-a840-6d83f46f9bba', -79.510464, 43.629646, 'Brampton', 'Sidewalk', 'Public');
INSERT INTO userLocation (r_id, longitude, latitude, neighborhood, location_type, premise_type) VALUES ('e8045e0f-06a9-4128-98ee-290147517e23', -79.360056, 43.685747, 'Kensington Market', 'Apartment', 'Public');
INSERT INTO userLocation (r_id, longitude, latitude, neighborhood, location_type, premise_type) VALUES ('48f3b1dc-3f53-45c2-bbc1-e948bc2f846a', -79.206406, 43.714873, 'Brampton', 'House', 'Private');
INSERT INTO userLocation (r_id, longitude, latitude, neighborhood, location_type, premise_type) VALUES ('9b736372-bf89-424e-9849-e99401325082', -79.274065, 43.605724, 'Kensington Market', 'House', 'Private');
INSERT INTO userLocation (r_id, longitude, latitude, neighborhood, location_type, premise_type) VALUES ('ee7309bc-ecdc-4dbc-b5e8-cb271e381dee', -79.191191, 43.643494, 'Clairlea-Birchmount', 'Apartment', 'Public');
INSERT INTO userLocation (r_id, longitude, latitude, neighborhood, location_type, premise_type) VALUES ('d45263e9-c9d3-4224-aa50-1a11e3963426', -79.486993, 43.65377, 'Kensington Market', 'Apartment', 'Public');
INSERT INTO userLocation (r_id, longitude, latitude, neighborhood, location_type, premise_type) VALUES ('e179d5c8-52a6-416a-912c-9a02a0dedba6', -79.501747, 43.70188, 'Kensington Market', 'Sidewalk', 'Private');
INSERT INTO userLocation (r_id, longitude, latitude, neighborhood, location_type, premise_type) VALUES ('d171a561-9169-4d01-af5d-7617bd657331', -79.248162, 43.610385, 'Brampton', 'Sidewalk', 'Public');
INSERT INTO userLocation (r_id, longitude, latitude, neighborhood, location_type, premise_type) VALUES ('51843d7c-2f27-4baf-96c5-6615626f1ace', -79.508792, 43.776527, 'Kensington Market', 'House', 'Public');
INSERT INTO userLocation (r_id, longitude, latitude, neighborhood, location_type, premise_type) VALUES ('9dc16e2c-8218-4878-85e3-77f4699b359a', -79.478566, 43.659596, 'Clairlea-Birchmount', 'Sidewalk', 'Private');
INSERT INTO userLocation (r_id, longitude, latitude, neighborhood, location_type, premise_type) VALUES ('3e3ec8dd-a68d-4b2f-8c81-fc992d4568db', -79.456851, 43.792033, 'Brampton', 'Sidewalk', 'Private');
INSERT INTO userLocation (r_id, longitude, latitude, neighborhood, location_type, premise_type) VALUES ('c66f88f3-393f-438f-b545-cb9622cfd990', -79.597099, 43.700718, 'Clairlea-Birchmount', 'Apartment', 'Public');
INSERT INTO userLocation (r_id, longitude, latitude, neighborhood, location_type, premise_type) VALUES ('37791844-9516-4e10-80e6-3a73424332dc', -79.329472, 43.606133, 'Clairlea-Birchmount', 'House', 'Private');
INSERT INTO userLocation (r_id, longitude, latitude, neighborhood, location_type, premise_type) VALUES ('2c095336-f17e-41d5-8090-d6acc0c53316', -79.258295, 43.647339, 'Clairlea-Birchmount', 'Sidewalk', 'Public');
INSERT INTO userLocation (r_id, longitude, latitude, neighborhood, location_type, premise_type) VALUES ('989dda90-ed56-4efe-a230-a5cf41abb3c4', -79.267547, 43.710843, 'Clairlea-Birchmount', 'Apartment', 'Public');
INSERT INTO userLocation (r_id, longitude, latitude, neighborhood, location_type, premise_type) VALUES ('354823ec-9b70-4392-a6da-839d18e4be8f', -79.143746, 43.68048, 'Kensington Market', 'Sidewalk', 'Public');
INSERT INTO userLocation (r_id, longitude, latitude, neighborhood, location_type, premise_type) VALUES ('25712b22-82fb-48c5-8e05-048b86cd3a1c', -79.149494, 43.69309, 'Kensington Market', 'House', 'Private');
INSERT INTO userLocation (r_id, longitude, latitude, neighborhood, location_type, premise_type) VALUES ('75931b7d-0b27-45d1-b636-ea4a51a1ce5b', -79.23746, 43.75058, 'Clairlea-Birchmount', 'Apartment', 'Public');
INSERT INTO userLocation (r_id, longitude, latitude, neighborhood, location_type, premise_type) VALUES ('2619a19f-4316-4524-bd89-eb1994c015b8', -79.131362, 43.615462, 'Clairlea-Birchmount', 'Sidewalk', 'Private');
INSERT INTO userLocation (r_id, longitude, latitude, neighborhood, location_type, premise_type) VALUES ('bf3bfae2-0208-4538-99e4-63b48a10a9e2', -79.229762, 43.680104, 'Brampton', 'House', 'Private');
INSERT INTO userLocation (r_id, longitude, latitude, neighborhood, location_type, premise_type) VALUES ('bf81be9e-7cee-4b27-aac0-3f1f2ade162c', -79.478041, 43.67055, 'Brampton', 'Sidewalk', 'Private');
INSERT INTO userLocation (r_id, longitude, latitude, neighborhood, location_type, premise_type) VALUES ('37164cc3-4165-4bc5-b2ef-59b6723724ef', -79.594454, 43.625146, 'Brampton', 'House', 'Public');
INSERT INTO userLocation (r_id, longitude, latitude, neighborhood, location_type, premise_type) VALUES ('6163abbc-b13c-459c-97d1-0af2883fd2ad', -79.384611, 43.673751, 'Clairlea-Birchmount', 'House', 'Public');
INSERT INTO userLocation (r_id, longitude, latitude, neighborhood, location_type, premise_type) VALUES ('c5f00e8d-68d6-42f9-b5de-362fb29703f0', -79.140955, 43.653319, 'Kensington Market', 'Sidewalk', 'Public');
INSERT INTO userLocation (r_id, longitude, latitude, neighborhood, location_type, premise_type) VALUES ('25869100-6d04-4520-8ad8-243158b7ec65', -79.557732, 43.77666, 'Kensington Market', 'Sidewalk', 'Public');
INSERT INTO userLocation (r_id, longitude, latitude, neighborhood, location_type, premise_type) VALUES ('e6ed44b4-02ef-4318-83ca-c29a8a8fdb78', -79.473935, 43.618964, 'Clairlea-Birchmount', 'Apartment', 'Public');
INSERT INTO userLocation (r_id, longitude, latitude, neighborhood, location_type, premise_type) VALUES ('82837879-f9ff-4e67-a471-3f101674d175', -79.460273, 43.634182, 'Brampton', 'Apartment', 'Public');
INSERT INTO userLocation (r_id, longitude, latitude, neighborhood, location_type, premise_type) VALUES ('e05bd06d-f676-4831-b8c9-41d5ea787960', -79.111204, 43.62561, 'Clairlea-Birchmount', 'House', 'Public');
INSERT INTO userLocation (r_id, longitude, latitude, neighborhood, location_type, premise_type) VALUES ('5508e349-18f0-44e6-8a59-cbb9a7ba71da', -79.589065, 43.610574, 'Brampton', 'Apartment', 'Private');
INSERT INTO userLocation (r_id, longitude, latitude, neighborhood, location_type, premise_type) VALUES ('853de596-487c-4156-b463-fecbbdbee000', -79.206606, 43.764256, 'Brampton', 'Apartment', 'Public');
INSERT INTO userLocation (r_id, longitude, latitude, neighborhood, location_type, premise_type) VALUES ('32908835-b759-46dc-9010-fadf791b5e41', -79.505474, 43.764407, 'Clairlea-Birchmount', 'House', 'Private');
INSERT INTO userLocation (r_id, longitude, latitude, neighborhood, location_type, premise_type) VALUES ('6b997359-7295-4018-b256-06afadaa3656', -79.570685, 43.691281, 'Brampton', 'Sidewalk', 'Public');
INSERT INTO userLocation (r_id, longitude, latitude, neighborhood, location_type, premise_type) VALUES ('28e7452a-6231-4005-87ef-28a9bb0e8deb', -79.498602, 43.65715, 'Clairlea-Birchmount', 'House', 'Private');
INSERT INTO userLocation (r_id, longitude, latitude, neighborhood, location_type, premise_type) VALUES ('1ce06ed0-2d9f-43a5-bfcd-103f21612665', -79.408366, 43.6341, 'Clairlea-Birchmount', 'Apartment', 'Private');
INSERT INTO userLocation (r_id, longitude, latitude, neighborhood, location_type, premise_type) VALUES ('a9b81584-2c80-4d58-beb4-989e498f8095', -79.449235, 43.78249, 'Kensington Market', 'Apartment', 'Private');
INSERT INTO userLocation (r_id, longitude, latitude, neighborhood, location_type, premise_type) VALUES ('86bb46de-4cfc-42a5-8b88-9bc393961ec5', -79.224883, 43.750341, 'Clairlea-Birchmount', 'Sidewalk', 'Public');
INSERT INTO userLocation (r_id, longitude, latitude, neighborhood, location_type, premise_type) VALUES ('7d9f2db4-865f-493c-bbde-b4d7348c9be0', -79.124048, 43.764039, 'Brampton', 'Apartment', 'Private');
INSERT INTO userLocation (r_id, longitude, latitude, neighborhood, location_type, premise_type) VALUES ('de074b01-64b9-4729-9197-6b2ccefdc150', -79.206047, 43.692836, 'Clairlea-Birchmount', 'Sidewalk', 'Private');
INSERT INTO userLocation (r_id, longitude, latitude, neighborhood, location_type, premise_type) VALUES ('40b494dc-5852-40dc-aa7f-9f47eaedeef7', -79.381729, 43.670948, 'Kensington Market', 'Sidewalk', 'Public');
INSERT INTO userLocation (r_id, longitude, latitude, neighborhood, location_type, premise_type) VALUES ('0f54214b-53df-404d-9155-11e72f9f1fb2', -79.251922, 43.721008, 'Kensington Market', 'Sidewalk', 'Private');
INSERT INTO userLocation (r_id, longitude, latitude, neighborhood, location_type, premise_type) VALUES ('d596277a-b54e-4e4e-a050-b16859a510f4', -79.532899, 43.601727, 'Kensington Market', 'House', 'Public');
INSERT INTO userLocation (r_id, longitude, latitude, neighborhood, location_type, premise_type) VALUES ('10112b00-5bfa-4ffc-a97d-1ffa9ee86c44', -79.590066, 43.730437, 'Brampton', 'House', 'Public');
INSERT INTO userLocation (r_id, longitude, latitude, neighborhood, location_type, premise_type) VALUES ('dd7cc98f-aa0f-4031-b143-9830518bd9c4', -79.473173, 43.634343, 'Kensington Market', 'Apartment', 'Public');
INSERT INTO userLocation (r_id, longitude, latitude, neighborhood, location_type, premise_type) VALUES ('0ef433c4-e89d-4a83-88fc-d91dc98ee518', -79.412015, 43.673454, 'Clairlea-Birchmount', 'House', 'Public');
INSERT INTO userLocation (r_id, longitude, latitude, neighborhood, location_type, premise_type) VALUES ('5554b7eb-3009-4489-b415-603b7f42f2eb', -79.304657, 43.719657, 'Brampton', 'Sidewalk', 'Public');
INSERT INTO userLocation (r_id, longitude, latitude, neighborhood, location_type, premise_type) VALUES ('e4a98d51-f8c4-4097-ac8e-d806f18a8811', -79.42536, 43.792557, 'Kensington Market', 'Apartment', 'Private');
INSERT INTO userLocation (r_id, longitude, latitude, neighborhood, location_type, premise_type) VALUES ('22414a8e-70b8-42c3-9df4-1bf790c1624f', -79.226424, 43.605407, 'Brampton', 'Apartment', 'Private');
INSERT INTO userLocation (r_id, longitude, latitude, neighborhood, location_type, premise_type) VALUES ('84257414-fc53-4917-b2c3-b45b814a7f3d', -79.151544, 43.758494, 'Clairlea-Birchmount', 'Sidewalk', 'Private');
INSERT INTO userLocation (r_id, longitude, latitude, neighborhood, location_type, premise_type) VALUES ('b236285e-7418-4f01-add3-5c26b3626936', -79.599518, 43.626769, 'Brampton', 'Apartment', 'Private');
INSERT INTO userLocation (r_id, longitude, latitude, neighborhood, location_type, premise_type) VALUES ('ba2f21b4-30f0-438e-8712-d667d38f30d7', -79.331566, 43.793496, 'Kensington Market', 'House', 'Public');
INSERT INTO userLocation (r_id, longitude, latitude, neighborhood, location_type, premise_type) VALUES ('4f9a959b-f9b7-44e0-8152-f13f70e2a13c', -79.310057, 43.75753, 'Kensington Market', 'House', 'Public');
INSERT INTO userLocation (r_id, longitude, latitude, neighborhood, location_type, premise_type) VALUES ('acbeeec0-2a2b-4431-8d16-1be1a4a7376a', -79.240576, 43.625911, 'Brampton', 'Sidewalk', 'Public');
INSERT INTO userLocation (r_id, longitude, latitude, neighborhood, location_type, premise_type) VALUES ('42d1e70e-f84b-458c-8860-56cbff2903d5', -79.333452, 43.695152, 'Brampton', 'Sidewalk', 'Public');
INSERT INTO userLocation (r_id, longitude, latitude, neighborhood, location_type, premise_type) VALUES ('e4491cfb-129b-44f8-a28e-3777700b0714', -79.363327, 43.789192, 'Brampton', 'Apartment', 'Private');
INSERT INTO userLocation (r_id, longitude, latitude, neighborhood, location_type, premise_type) VALUES ('ef674efa-ae60-4790-aff7-ed3cde281b85', -79.498474, 43.667164, 'Kensington Market', 'Sidewalk', 'Public');
INSERT INTO userLocation (r_id, longitude, latitude, neighborhood, location_type, premise_type) VALUES ('07d0fb30-48c1-48e6-8ef0-ef58e5efbb68', -79.106244, 43.699941, 'Clairlea-Birchmount', 'Apartment', 'Private');
INSERT INTO userLocation (r_id, longitude, latitude, neighborhood, location_type, premise_type) VALUES ('0a790540-3085-4eaa-85d9-cb64f54cd311', -79.552149, 43.775077, 'Kensington Market', 'Apartment', 'Private');
INSERT INTO userLocation (r_id, longitude, latitude, neighborhood, location_type, premise_type) VALUES ('5e0e3c22-fa3a-45df-8f06-183f78a9d0f4', -79.404812, 43.723511, 'Brampton', 'Sidewalk', 'Private');
INSERT INTO userLocation (r_id, longitude, latitude, neighborhood, location_type, premise_type) VALUES ('edb2e59d-bc1c-4cb7-b13b-7fa05ef1ac8e', -79.584018, 43.752296, 'Kensington Market', 'Sidewalk', 'Public');
INSERT INTO userLocation (r_id, longitude, latitude, neighborhood, location_type, premise_type) VALUES ('771bb05c-cf48-465d-860d-b1aa755a842d', -79.372252, 43.668154, 'Kensington Market', 'Sidewalk', 'Private');
INSERT INTO userLocation (r_id, longitude, latitude, neighborhood, location_type, premise_type) VALUES ('96cf2931-32ee-498f-82a9-29a6f37f3b06', -79.168981, 43.793242, 'Brampton', 'House', 'Private');
INSERT INTO userLocation (r_id, longitude, latitude, neighborhood, location_type, premise_type) VALUES ('b2e70ccc-aaca-4789-86eb-2b3fc7abf841', -79.219059, 43.76058, 'Brampton', 'House', 'Public');
INSERT INTO userLocation (r_id, longitude, latitude, neighborhood, location_type, premise_type) VALUES ('76d9a5da-822c-4453-9843-40c5d7619282', -79.455067, 43.685564, 'Kensington Market', 'Sidewalk', 'Public');
INSERT INTO userLocation (r_id, longitude, latitude, neighborhood, location_type, premise_type) VALUES ('a55e67ef-982a-47b1-a870-fcc7d157049b', -79.560603, 43.73212, 'Brampton', 'Apartment', 'Private');
INSERT INTO userLocation (r_id, longitude, latitude, neighborhood, location_type, premise_type) VALUES ('96ef7579-85c2-4483-ad3f-abbdf596643f', -79.321257, 43.619596, 'Brampton', 'Apartment', 'Public');
INSERT INTO userLocation (r_id, longitude, latitude, neighborhood, location_type, premise_type) VALUES ('b5f1d5c1-013f-4f90-8a9b-d263931f8268', -79.338763, 43.623045, 'Brampton', 'House', 'Private');
INSERT INTO userLocation (r_id, longitude, latitude, neighborhood, location_type, premise_type) VALUES ('1f2ad67b-e0be-4ea6-9d39-5a1fed356d16', -79.318556, 43.709369, 'Clairlea-Birchmount', 'Sidewalk', 'Private');
INSERT INTO userLocation (r_id, longitude, latitude, neighborhood, location_type, premise_type) VALUES ('960e1b38-b314-4691-8399-0aa44d9ef346', -79.301224, 43.74901, 'Brampton', 'Sidewalk', 'Public');
INSERT INTO userLocation (r_id, longitude, latitude, neighborhood, location_type, premise_type) VALUES ('f1bfd7ba-c627-4cac-88e6-43f1093b05e9', -79.305127, 43.704621, 'Brampton', 'House', 'Private');
INSERT INTO userLocation (r_id, longitude, latitude, neighborhood, location_type, premise_type) VALUES ('99f3b92c-3266-4089-bd1d-28c837d33fc5', -79.554834, 43.634471, 'Clairlea-Birchmount', 'Sidewalk', 'Private');
INSERT INTO userLocation (r_id, longitude, latitude, neighborhood, location_type, premise_type) VALUES ('c9e43333-4dca-4545-bb11-4f153e04bcc3', -79.240926, 43.779093, 'Clairlea-Birchmount', 'House', 'Public');
INSERT INTO userLocation (r_id, longitude, latitude, neighborhood, location_type, premise_type) VALUES ('5b2f9cfc-1cba-4fd3-9270-28625f53440b', -79.160487, 43.613776, 'Kensington Market', 'Apartment', 'Private');
INSERT INTO userLocation (r_id, longitude, latitude, neighborhood, location_type, premise_type) VALUES ('db885e51-bac4-4de6-bd4f-8e80f7a281a9', -79.477371, 43.737704, 'Brampton', 'House', 'Public');
INSERT INTO userLocation (r_id, longitude, latitude, neighborhood, location_type, premise_type) VALUES ('99fbcc80-13a8-4f81-a040-0217b199d843', -79.308507, 43.672165, 'Clairlea-Birchmount', 'Apartment', 'Public');
INSERT INTO userLocation (r_id, longitude, latitude, neighborhood, location_type, premise_type) VALUES ('0f615934-b305-405d-88e2-daa5b99c0cae', -79.204372, 43.771775, 'Brampton', 'Apartment', 'Private');
INSERT INTO userLocation (r_id, longitude, latitude, neighborhood, location_type, premise_type) VALUES ('58e9222e-89bf-4ffc-9210-9b775ba2a6bb', -79.307109, 43.705145, 'Brampton', 'Apartment', 'Private');
INSERT INTO userLocation (r_id, longitude, latitude, neighborhood, location_type, premise_type) VALUES ('485ba6ef-f9ad-4aae-bc06-de28f3e80580', -79.279012, 43.641626, 'Clairlea-Birchmount', 'Sidewalk', 'Private');
INSERT INTO userLocation (r_id, longitude, latitude, neighborhood, location_type, premise_type) VALUES ('a6c7572d-c8a6-4a69-9868-8823afc514ec', -79.503586, 43.61027, 'Clairlea-Birchmount', 'Apartment', 'Public');
INSERT INTO userLocation (r_id, longitude, latitude, neighborhood, location_type, premise_type) VALUES ('bf00c08a-1215-4932-ba72-04b500fa15ba', -79.445019, 43.720566, 'Clairlea-Birchmount', 'Apartment', 'Private');
INSERT INTO userLocation (r_id, longitude, latitude, neighborhood, location_type, premise_type) VALUES ('bf558143-765d-4e1e-b9ce-9db019a88e06', -79.531345, 43.790771, 'Clairlea-Birchmount', 'Apartment', 'Private');
INSERT INTO userLocation (r_id, longitude, latitude, neighborhood, location_type, premise_type) VALUES ('2885fa8a-910d-414a-8b53-b2b7d0eba627', -79.251056, 43.611232, 'Clairlea-Birchmount', 'House', 'Private');
INSERT INTO userLocation (r_id, longitude, latitude, neighborhood, location_type, premise_type) VALUES ('eceab6c7-4c4a-4f0e-b535-736f2441a7e2', -79.520495, 43.776353, 'Clairlea-Birchmount', 'Sidewalk', 'Public');
INSERT INTO userLocation (r_id, longitude, latitude, neighborhood, location_type, premise_type) VALUES ('18da0fc5-da62-48d7-a48d-bc3fa01e8a25', -79.274074, 43.629238, 'Clairlea-Birchmount', 'Sidewalk', 'Private');

INSERT INTO assaultComments (user_id, r_id, created_at, comments) VALUES ('cd3a1d5b-5a97-4636-a219-73243b49df0c', '0069dd40-5e0e-44e4-9832-d677179d7b73', '2019-10-11', 'Stay safe!');
INSERT INTO assaultComments (user_id, r_id, created_at, comments) VALUES ('e45d26fe-f66a-4d38-a663-269589d45620', 'b0ff1c96-4982-4ce2-b29b-9e50dba48ffe', '2018-10-23', 'Stay safe!');
INSERT INTO assaultComments (user_id, r_id, created_at, comments) VALUES ('e45d26fe-f66a-4d38-a663-269589d45620', '7219a0fa-e9bd-4d6a-b85f-809006397be5', '2016-07-23', 'Stay safe!');
INSERT INTO assaultComments (user_id, r_id, created_at, comments) VALUES ('cd3a1d5b-5a97-4636-a219-73243b49df0c', '42e6f97c-4120-43b5-a1d4-7d340dfc6718', '2015-06-11', 'Thanks for reporting!');
INSERT INTO assaultComments (user_id, r_id, created_at, comments) VALUES ('cd3a1d5b-5a97-4636-a219-73243b49df0c', '7529199e-767d-4881-a48e-5b590609cea3', '2017-11-22', 'Thanks for reporting!');
INSERT INTO assaultComments (user_id, r_id, created_at, comments) VALUES ('cd3a1d5b-5a97-4636-a219-73243b49df0c', 'e152d6b7-33db-49e0-88de-b8a572b95a84', '2016-03-03', 'Thanks for reporting!');
INSERT INTO assaultComments (user_id, r_id, created_at, comments) VALUES ('cd3a1d5b-5a97-4636-a219-73243b49df0c', 'd171a561-9169-4d01-af5d-7617bd657331', '2017-10-02', 'Thanks for reporting!');
INSERT INTO assaultComments (user_id, r_id, created_at, comments) VALUES ('cd3a1d5b-5a97-4636-a219-73243b49df0c', '3586d8e4-60da-4567-8719-07ae9582be6a', '2020-03-18', 'Stay safe!');
INSERT INTO assaultComments (user_id, r_id, created_at, comments) VALUES ('cd3a1d5b-5a97-4636-a219-73243b49df0c', '354823ec-9b70-4392-a6da-839d18e4be8f', '2025-11-15', 'Be careful there.');
INSERT INTO assaultComments (user_id, r_id, created_at, comments) VALUES ('e45d26fe-f66a-4d38-a663-269589d45620', 'a9b81584-2c80-4d58-beb4-989e498f8095', '2015-06-12', 'Thanks for reporting!');
INSERT INTO assaultComments (user_id, r_id, created_at, comments) VALUES ('e45d26fe-f66a-4d38-a663-269589d45620', '0ef433c4-e89d-4a83-88fc-d91dc98ee518', '2020-06-02', 'Be careful there.');
INSERT INTO assaultComments (user_id, r_id, created_at, comments) VALUES ('e45d26fe-f66a-4d38-a663-269589d45620', 'abb92e13-b008-4a91-b5b7-802250cb8fd5', '2017-02-01', 'Be careful there.');
INSERT INTO assaultComments (user_id, r_id, created_at, comments) VALUES ('cd3a1d5b-5a97-4636-a219-73243b49df0c', '42d1e70e-f84b-458c-8860-56cbff2903d5', '2021-06-18', 'Stay safe!');
INSERT INTO assaultComments (user_id, r_id, created_at, comments) VALUES ('e45d26fe-f66a-4d38-a663-269589d45620', '8661b39d-5c27-4350-a9b5-b5cbf6958c34', '2015-04-12', 'Be careful there.');
INSERT INTO assaultComments (user_id, r_id, created_at, comments) VALUES ('e45d26fe-f66a-4d38-a663-269589d45620', 'a55e67ef-982a-47b1-a870-fcc7d157049b', '2018-11-02', 'Thanks for reporting!');
INSERT INTO assaultComments (user_id, r_id, created_at, comments) VALUES ('cd3a1d5b-5a97-4636-a219-73243b49df0c', '8ad849a9-747a-4b6e-a0eb-1a0b291b2dfc', '2018-01-07', 'Be careful there.');
INSERT INTO assaultComments (user_id, r_id, created_at, comments) VALUES ('e45d26fe-f66a-4d38-a663-269589d45620', 'bf558143-765d-4e1e-b9ce-9db019a88e06', '2018-12-29', 'Stay safe!');
INSERT INTO assaultComments (user_id, r_id, created_at, comments) VALUES ('e45d26fe-f66a-4d38-a663-269589d45620', 'eceab6c7-4c4a-4f0e-b535-736f2441a7e2', '2022-11-20', 'Thanks for reporting!');
