USE cs348;

INSERT INTO users (user_id, email, full_name, created_at) VALUES ('cd3a1d5b-5a97-4636-a219-73243b49df0c', 'elsie@example.com', 'Elsie Li', '2004-08-20');
INSERT INTO users (user_id, email, full_name, created_at) VALUES ('e45d26fe-f66a-4d38-a663-269589d45620', 'sophianguyen@example.com', 'Sophia Nguyen', '2000-10-13');
INSERT INTO users (user_id, email, full_name, created_at) VALUES ('e2573a3c-1c04-4527-9e04-1a540d33c6d4', 'aurorashi@example.com', 'Aurora Shi', '2005-05-16');
INSERT INTO users (user_id, email, full_name, created_at) VALUES ('fd29a2d1-1c6e-46fe-92f8-61ba20d8e914', 'helenyin@example.com', 'Helen Yin', '2001-08-20');
INSERT INTO users (user_id, email, full_name, created_at) VALUES ('5c90892f-0922-488d-851a-e6933c52c06b', 'alicezhao@example.com', 'Alice Zhao', '2002-01-20');

INSERT INTO policeReports (r_id, assault_type, occurence_date, reported_date, division) VALUES
    ('e3d3d755-28c0-4fd0-b59b-e552ddb53e1f', 'Assault', '2025-03-26', '2025-03-26', 'D31'),
    ('0aaa5a7a-f4d7-4af1-a0e6-e858a7d4fc28', 'Assault Bodily Harm', '2025-03-21', '2025-03-26', 'D31'),
    ('61116545-3497-4f9b-8503-0ff9a21babb6', 'Assault With Weapon', '2025-03-21', '2025-03-26', 'D31'),
    ('d9204fe5-78a4-48a1-a3e8-6de5336f715c', 'Assault', '2025-03-26', '2025-03-26', 'D14'),
    ('51230caf-44cd-4b58-ba9d-fb31fea0019e', 'Assault Bodily Harm', '2025-03-17', '2025-03-26', 'D32'),
    ('d6d291d7-78f6-4cfe-a670-616c91b3e4d6', 'Assault', '2025-03-26', '2025-03-26', 'D31'),
    ('7aff96d7-487f-46ce-9cef-3aad62b15525', 'Assault', '2025-03-26', '2025-03-26', 'D31'),
    ('8217a181-eb85-4afc-9117-6d7d65b87621', 'Assault', '2025-03-26', '2025-03-26', 'D31'),
    ('23811b64-4c5a-4990-9604-d2df33cff165', 'Assault Bodily Harm', '2025-03-26', '2025-03-26', 'D23'),
    ('5fca61ce-75ad-4e75-b893-f8b209364e0e', 'Assault', '2025-03-26', '2025-03-26', 'D31'),
    ('3087fb83-1f57-4da7-b6f2-23e372f2576f', 'Assault', '2025-03-24', '2025-03-26', 'D55'),
    ('cb5392bb-2b58-4d3c-aef1-64cb4a92485b', 'Assault', '2024-12-01', '2025-03-26', 'D23'),
    ('329a2293-05c6-47bf-8a2f-5ddec4e1ace0', 'Assault', '2023-01-01', '2025-03-26', 'D55'),
    ('48ba93bd-f9d4-4f1a-8f61-ada72b65bfdd', 'Discharge Firearm With Intent', '2025-02-26', '2025-03-26', 'D12'),
    ('1fc981db-1a20-46fb-9167-ad459637d738', 'Assault', '2016-09-01', '2025-03-27', 'D55'),
    ('47245245-cff0-4e83-8aca-26f519c4a90d', 'Assault With Weapon', '2025-03-27', '2025-03-27', 'D51'),
    ('85f349d0-6154-4a7d-bea0-abdbca003d32', 'Assault', '2025-03-27', '2025-03-27', 'D52'),
    ('9c1ac1e1-d8e1-4bc0-8a18-3d896bfe62b6', 'Assault With Weapon', '2025-03-27', '2025-03-27', 'D23'),
    ('1f5fed33-a98c-4336-8fc4-da1ae83068c6', 'Assault', '2025-03-27', '2025-03-27', 'D52'),
    ('966ad1fc-d042-478a-a14c-ec7b5e60a817', 'Assault', '2025-03-27', '2025-03-27', 'D52'),
    ('3025b46b-7214-4caa-904a-e4fce516bc06', 'Assault', '2023-06-01', '2025-03-27', 'D32'),
    ('5dda9296-55e4-407f-a344-64a9ff0e7a1f', 'Assault With Weapon', '2025-03-27', '2025-03-27', 'D42'),
    ('4cd71688-5dd6-418a-82d4-17cd88a49d24', 'Assault Bodily Harm', '2019-05-06', '2025-03-27', 'D33'),
    ('f0eb9ce4-d243-42ba-a991-8049fc0e570d', 'Assault', '2019-05-06', '2025-03-27', 'D33'),
    ('9f7fb091-600f-4a30-af0b-38f31dc2d73e', 'Assault', '2025-03-27', '2025-03-27', 'D43'),
    ('8244111c-d7a5-49bd-8a2a-47b7dbf56568', 'Assault', '2025-03-27', '2025-03-27', 'D13'),
    ('e60db1c0-8b91-4a6f-83e0-7337df93f01a', 'Assault With Weapon', '2018-07-21', '2025-03-27', 'D11'),
    ('f656e44e-2000-4b94-a5a0-069db1b840b9', 'Assault', '2025-03-27', '2025-03-27', 'D42'),
    ('5613a867-ac51-4943-9183-cfd3ae43f855', 'Assault With Weapon', '2025-03-27', '2025-03-27', 'D11'),
    ('4d3310c1-f657-4f05-af70-bd5ab70a5ad5', 'Assault', '2025-03-26', '2025-03-27', 'D41'),
    ('012d4c74-74c3-4229-9cca-f7731aa74ec2', 'Assault', '2025-03-26', '2025-03-27', 'D41'),
    ('c6cbf3c5-ab32-46e5-a2ef-51a5957d670c', 'Assault', '2025-03-26', '2025-03-27', 'D41'),
    ('517f3d89-70a4-4078-834d-c8360324cf1d', 'Assault Peace Officer', '2025-03-26', '2025-03-27', 'D41'),
    ('d49e811d-c38c-406b-8aed-643b2fe89fc6', 'Assault', '2025-03-27', '2025-03-27', 'D42'),
    ('4fce2afb-f145-4ec4-b553-29507c4d3f29', 'Assault', '2025-03-27', '2025-03-27', 'D32'),
    ('31b599f1-b3c1-4c7e-b109-ad3c93f19091', 'Assault', '2025-03-27', '2025-03-27', 'D43'),
    ('98d52f19-347c-4464-94d0-947cb055de7f', 'Assault With Weapon', '2024-12-01', '2025-03-27', 'D55'),
    ('49421f8d-fafa-4af8-8837-a6b6a0f72b2f', 'Assault Peace Officer', '2025-03-27', '2025-03-27', 'D22'),
    ('7fb1b3b9-518a-4cc3-9a3e-985faa8f14e9', 'Assault Peace Officer', '2025-03-27', '2025-03-27', 'D22'),
    ('6393ebcf-a783-4aed-a612-d62062f27f91', 'Assault Peace Officer', '2025-03-27', '2025-03-27', 'D22'),
    ('f6abee01-322e-4bd4-81e1-666e077cc80d', 'Assault Bodily Harm', '2025-03-27', '2025-03-27', 'D33'),
    ('c338a21e-1a12-4a5b-b2f8-7c1afc07167b', 'Assault Bodily Harm', '2025-03-27', '2025-03-27', 'D33'),
    ('ebcb930c-5533-4508-8c62-5c25ca87d6a6', 'Assault', '2025-03-27', '2025-03-27', 'D22'),
    ('48013265-b99b-4af8-b96e-aa96b2692364', 'Assault', '2025-03-26', '2025-03-27', 'D51'),
    ('2e92645f-25d8-45a9-a39f-97f3fc072538', 'Assault', '2025-03-26', '2025-03-27', 'D22'),
    ('277baa55-6187-458d-81a2-e5f8cda30f8e', 'Assault', '2025-03-27', '2025-03-27', 'D55'),
    ('c0a0b986-b12a-4b53-a490-f48c98272344', 'Assault', '2025-03-27', '2025-03-27', 'D32'),
    ('2f5a7bb8-76f0-4b5b-8b5e-e825ea2ae1c8', 'Assault', '2025-03-27', '2025-03-27', 'D42'),
    ('9a4d6d83-4926-4cba-82b9-3d3636fcf66a', 'Assault', '2024-12-24', '2025-03-27', 'D42'),
    ('66e0f5be-5303-44b4-9df5-83c938d32c5b', 'Assault', '2025-03-27', '2025-03-27', 'D42'),
    ('d3a4b1d2-4193-4a86-855d-a89f72f12d8b', 'Assault', '2025-03-14', '2025-03-27', 'D43'),
    ('694605a9-0da9-42e5-b862-f0ff0a48aa2b', 'Assault', '2025-02-25', '2025-03-27', 'D53'),
    ('54cf5966-5482-4ebd-b306-48de4167ab50', 'Assault Bodily Harm', '2025-03-21', '2025-03-27', 'D53'),
    ('4ce19fa9-e28f-4198-b46e-e6af64088c77', 'Assault', '2025-03-27', '2025-03-27', 'D42'),
    ('f22ad525-bd26-462c-ad69-7a958bf19c4d', 'Assault', '2025-03-27', '2025-03-27', 'D14'),
    ('6e3f8c01-9b60-4cab-8b86-991e07ddb86d', 'Assault', '2025-03-27', '2025-03-27', 'D52'),
    ('e738cf9d-3f64-44e3-af3d-4d2ea53f45f6', 'Assault', '2025-03-27', '2025-03-27', 'D13'),
    ('cd6c0f8e-4663-4d9b-9b6e-7789fbe7a31d', 'Assault With Weapon', '2025-03-27', '2025-03-27', 'D12'),
    ('ae24dc60-e1c9-4015-b10b-ae3960afe58c', 'Assault', '2025-03-27', '2025-03-27', 'D31'),
    ('cf47bc35-84a3-4c2d-9b9e-14cc9fd5f03d', 'Assault', '2025-03-26', '2025-03-27', 'D31'),
    ('791f2224-0aa7-4cc2-b9a1-984b8dd60620', 'Assault Bodily Harm', '2025-03-20', '2025-03-27', 'D53'),
    ('f43b961b-1590-4fbb-ade3-852da405b9c7', 'Assault - Resist/ Prevent Seiz', '2025-03-27', '2025-03-27', 'D43'),
    ('a62ba17a-9f36-432d-8ea3-63388116f562', 'Assault', '2025-03-27', '2025-03-27', 'D43'),
    ('4973ea89-c62b-48f3-9744-edf360fdf5c8', 'Assault', '2025-03-27', '2025-03-27', 'D42'),
    ('4b9ceb27-b352-4c77-a263-9e97f1aa4357', 'Assault Bodily Harm', '2025-03-27', '2025-03-27', 'D22'),
    ('58b72672-1cd1-4137-859e-f235a406c359', 'Assault Bodily Harm', '2025-03-27', '2025-03-27', 'D53'),
    ('027c5cba-5a97-48e3-8e0e-a575f25d67ad', 'Assault With Weapon', '2025-03-27', '2025-03-27', 'D23'),
    ('127afce9-afe7-4677-9173-9d3d4dbb1ffd', 'Assault', '2025-03-27', '2025-03-27', 'D43'),
    ('4327c215-ff58-4df9-9d05-ff69b86efd1b', 'Assault With Weapon', '2025-03-27', '2025-03-27', 'D41'),
    ('589a5576-b0b5-4108-b993-c11c8ff01035', 'Assault With Weapon', '2025-03-27', '2025-03-27', 'D41'),
    ('3c49a1fd-839f-4f59-acd3-4603184db262', 'Assault With Weapon', '2025-03-28', '2025-03-27', 'D51'),
    ('f5f901a4-f09f-4b8e-96e8-99a882d3dcc3', 'Assault', '2025-03-28', '2025-03-28', 'D11'),
    ('e6e9a21c-72f5-4d4c-a9ce-78284e625400', 'Assault', '2025-03-28', '2025-03-28', 'D52'),
    ('bd7efd5f-7b25-4ea7-9fbe-d209bbbd77d1', 'Assault Peace Officer', '2025-03-28', '2025-03-28', 'D14'),
    ('09681869-60d7-4bb0-aed3-46b8a20ba3a4', 'Assault', '2025-03-28', '2025-03-28', 'D32'),
    ('2fc29a5e-89e3-4ac9-832c-a21515a264f5', 'Assault', '2025-03-28', '2025-03-28', 'D31'),
    ('06f58eeb-fddc-4cf3-8959-dc01983dbbda', 'Assault', '2025-03-28', '2025-03-28', 'D51'),
    ('61db898b-c9c6-4fd0-b270-22dfbecb5b27', 'Assault', '2025-03-28', '2025-03-28', 'D32'),
    ('ee4d8a8b-11a0-4d09-b13f-d085a2a7ed24', 'Assault', '2025-03-28', '2025-03-28', 'D43'),
    ('2f6f09eb-59c5-4661-9c06-e768c220f8b4', 'Assault', '2025-03-28', '2025-03-28', 'D33'),
    ('dfbbd410-8892-4155-9a38-cf4fd785cfed', 'Assault', '2023-10-01', '2025-03-28', 'D52'),
    ('64761f40-a907-41d8-a41a-3d8ea46cb315', 'Assault', '2025-03-28', '2025-03-28', 'D14'),
    ('354b850a-8e20-409d-9c96-adcdfea2208f', 'Aggravated Assault', '2025-03-28', '2025-03-28', 'D14'),
    ('da7c9441-fc4d-46de-9b10-6f2a7cd486c8', 'Assault', '2025-03-28', '2025-03-28', 'D31'),
    ('c851e0c0-7a80-411c-ae32-c8d2a7ff1d78', 'Assault', '2025-03-28', '2025-03-28', 'D32'),
    ('ec53ddc3-9e30-451c-ab2d-769486d2f496', 'Assault With Weapon', '2025-03-28', '2025-03-28', 'D12'),
    ('1201f0f5-0a6c-49d8-8f3b-097d6e5eccfd', 'Assault With Weapon', '2025-03-27', '2025-03-28', 'D52'),
    ('d885d59a-56d0-447f-af9f-960d725933db', 'Assault With Weapon', '2025-03-28', '2025-03-28', 'D11'),
    ('f70d59c5-e52d-4bb8-9a0a-d15d9cb4ff47', 'Assault', '2020-07-01', '2025-03-28', 'D55'),
    ('794dd093-2ee2-4b0d-9c39-1718a88e4990', 'Assault', '2025-03-13', '2025-03-28', 'D51'),
    ('7a551933-98d8-4a17-a69c-600d631bb80a', 'Assault', '2025-03-28', '2025-03-28', 'D55'),
    ('0b640287-4c33-4564-8cec-77528232ccc3', 'Assault', '2025-03-28', '2025-03-28', 'D33'),
    ('454a1915-ed19-493a-8704-3456df1e2321', 'Assault', '2025-03-27', '2025-03-28', 'D11'),
    ('eccf46df-43e8-49e7-b13b-70aa5f674255', 'Assault', '2025-03-28', '2025-03-28', 'D23'),
    ('377c3744-b1f0-47d6-9ce2-9a19fd98af98', 'Assault', '2025-03-17', '2025-03-28', 'D53'),
    ('3e914858-2bbf-43ce-8b44-564fea7b5b0f', 'Assault With Weapon', '2025-03-28', '2025-03-28', 'D53'),
    ('dbb3167c-9865-4a88-989e-72b1db27ca9a', 'Assault', '2025-03-28', '2025-03-28', 'D22'),
    ('7d6cfae9-5a66-48cf-b4ab-92a6d7446ed2', 'Assault Bodily Harm', '2025-03-28', '2025-03-28', 'D51'),
    ('a9fb3060-5aa9-4423-999c-cafd94f582ee', 'Assault', '2025-03-28', '2025-03-28', 'D52'),
    ('7164b2cb-2fdc-4c35-9521-ad919389df0a', 'Assault With Weapon', '2025-03-28', '2025-03-28', 'D43'),
    ('111de74d-f6a1-46f0-9277-9982d8fb5ebd', 'Assault', '2025-03-28', '2025-03-28', 'D32'),
    ('49c411ad-40a2-48bc-a843-de632e721a83', 'Assault Bodily Harm', '2025-03-28', '2025-03-28', 'D52'),
    ('627be6aa-1afd-423c-94eb-674ebab596d7', 'Assault With Weapon', '2025-03-28', '2025-03-28', 'D52'),
    ('6b592995-7b67-4925-ae99-ecc4418460e9', 'Assault', '2025-03-28', '2025-03-28', 'D43'),
    ('638d9303-f230-4857-a2b8-add1f310cfc6', 'Assault', '2025-03-28', '2025-03-28', 'D33'),
    ('f38f0ebe-3ae8-4f69-a5a3-4547e7dbb559', 'Pointing A Firearm', '2025-03-26', '2025-03-28', 'D43'),
    ('f4b61485-413c-4322-b736-f5d439b1e896', 'Administering Noxious Thing', '2025-03-28', '2025-03-28', 'D51'),
    ('482e8c64-1fe8-4469-a4d2-fa15dd31deab', 'Assault', '2024-06-30', '2025-03-28', 'D51'),
    ('174eb388-a2aa-444e-9d97-74c38829b268', 'Assault', '2025-03-28', '2025-03-28', 'D22'),
    ('19a26ba9-100e-438c-b300-cedbbb4e7095', 'Assault', '2025-03-26', '2025-03-28', 'D14'),
    ('1e5822ea-5ed7-46b8-822d-451c675da893', 'Assault', '2024-12-05', '2025-03-28', 'D33'),
    ('274379ab-6c40-4c44-b949-856fd9234e17', 'Assault', '2025-03-28', '2025-03-28', 'D14'),
    ('cc3c36c8-d350-4e60-bc33-e3e39c1d78e0', 'Assault', '2025-03-28', '2025-03-28', 'D51'),
    ('bd478a82-f40e-45d2-a093-db647e1db266', 'Assault Peace Officer', '2025-03-13', '2025-03-28', 'D14'),
    ('7a0412bf-3efb-4f12-9d4e-43a7717d8583', 'Assault', '2025-03-28', '2025-03-28', 'D31'),
    ('5bbfc193-faef-4bbf-aa03-0c355138b18c', 'Assault', '2025-03-28', '2025-03-28', 'D55'),
    ('0b723289-7704-4269-b6ad-3962ab1c1135', 'Assault With Weapon', '2025-03-28', '2025-03-28', 'D55'),
    ('35c40d5e-86c1-4827-b5d5-707fbf9310c3', 'Assault', '2025-03-28', '2025-03-28', 'D23'),
    ('729e12d9-b4d9-4837-a98c-f7a39c9157f0', 'Assault With Weapon', '2025-03-28', '2025-03-28', 'D41'),
    ('19fa3487-3c4c-4c6a-9cfe-be292db5a94a', 'Assault With Weapon', '2025-03-28', '2025-03-28', 'D41');

INSERT INTO policeLocation (r_id, longitude, latitude, neighborhood, location_type, premise_type) VALUES
    ('e3d3d755-28c0-4fd0-b59b-e552ddb53e1f', '-79.527558', '43.77284917', 'Black Creek (24)', 'Apartment', 'Apartment (Rooming House, Condo)'),
    ('0aaa5a7a-f4d7-4af1-a0e6-e858a7d4fc28', '-79.51039322', '43.74921168', 'Glenfield-Jane Heights (25)', 'Apartment', 'Apartment (Rooming House, Condo)'),
    ('61116545-3497-4f9b-8503-0ff9a21babb6', '-79.51039322', '43.74921168', 'Glenfield-Jane Heights (25)', 'Apartment', 'Apartment (Rooming House, Condo)'),
    ('d9204fe5-78a4-48a1-a3e8-6de5336f715c', '-79.43810522', '43.63409438', 'South Parkdale (85)', 'Outside', 'Open Areas (Lakes, Parks, Rivers)'),
    ('51230caf-44cd-4b58-ba9d-fb31fea0019e', '-79.44668111', '43.74874277', 'Clanton Park (33)', 'Educational', 'Schools During Supervised Activity'),
    ('d6d291d7-78f6-4cfe-a670-616c91b3e4d6', '-79.4910423', '43.76349716', 'York University Heights (27)', 'Transit', 'Ttc Subway Station'),
    ('7aff96d7-487f-46ce-9cef-3aad62b15525', '-79.4910423', '43.76349716', 'York University Heights (27)', 'Transit', 'Ttc Subway Station'),
    ('8217a181-eb85-4afc-9117-6d7d65b87621', '-79.51473052', '43.76721269', 'Black Creek (24)', 'Educational', 'Schools During Supervised Activity'),
    ('23811b64-4c5a-4990-9604-d2df33cff165', '-79.56138048', '43.68554277', 'Willowridge-Martingrove-Richview (7)', 'Educational', 'Schools During Supervised Activity'),
    ('5fca61ce-75ad-4e75-b893-f8b209364e0e', '-79.49110465', '43.72463445', 'Oakdale-Beverley Heights (154)', 'Other', 'Hospital / Institutions / Medical Facilities (Clinic, Dentist, Morgue)'),
    ('3087fb83-1f57-4da7-b6f2-23e372f2576f', '-79.29800825', '43.67890233', 'The Beaches (63)', 'Outside', 'Streets, Roads, Highways (Bicycle Path, Private Road)'),
    ('cb5392bb-2b58-4d3c-aef1-64cb4a92485b', '-79.58379757', '43.74680968', 'Mount Olive-Silverstone-Jamestown (2)', 'Educational', 'Schools During Supervised Activity'),
    ('329a2293-05c6-47bf-8a2f-5ddec4e1ace0', '-79.28971156', '43.68623643', 'East End-Danforth (62)', 'Other', 'Unknown'),
    ('48ba93bd-f9d4-4f1a-8f61-ada72b65bfdd', '-79.51774105', '43.70059626', 'Weston (113)', 'House', 'Single Home, House (Attach Garage, Cottage, Mobile)'),
    ('1fc981db-1a20-46fb-9167-ad459637d738', '-79.30681555', '43.68705202', 'East End-Danforth (62)', 'Apartment', 'Apartment (Rooming House, Condo)'),
    ('47245245-cff0-4e83-8aca-26f519c4a90d', '-79.36273506', '43.6594306', 'Regent Park (72)', 'Apartment', 'Apartment (Rooming House, Condo)'),
    ('85f349d0-6154-4a7d-bea0-abdbca003d32', '-79.38070695', '43.65213469', 'Yonge-Bay Corridor (170)', 'Outside', 'Streets, Roads, Highways (Bicycle Path, Private Road)'),
    ('9c1ac1e1-d8e1-4bc0-8a18-3d896bfe62b6', '-79.58709009', '43.75361738', 'Mount Olive-Silverstone-Jamestown (2)', 'Apartment', 'Apartment (Rooming House, Condo)'),
    ('1f5fed33-a98c-4336-8fc4-da1ae83068c6', '-79.38399524', '43.64238598', 'Harbourfront-CityPlace (165)', 'Apartment', 'Apartment (Rooming House, Condo)'),
    ('966ad1fc-d042-478a-a14c-ec7b5e60a817', '-79.38399524', '43.64238598', 'Harbourfront-CityPlace (165)', 'Apartment', 'Apartment (Rooming House, Condo)'),
    ('3025b46b-7214-4caa-904a-e4fce516bc06', '-79.41483835', '43.7769419', 'Willowdale West (37)', 'Apartment', 'Apartment (Rooming House, Condo)'),
    ('5dda9296-55e4-407f-a344-64a9ff0e7a1f', '-79.27313933', '43.82636225', 'Milliken (130)', 'Apartment', 'Apartment (Rooming House, Condo)'),
    ('4cd71688-5dd6-418a-82d4-17cd88a49d24', '-79.35688892', '43.7477423', 'Banbury-Don Mills (42)', 'House', 'Single Home, House (Attach Garage, Cottage, Mobile)'),
    ('f0eb9ce4-d243-42ba-a991-8049fc0e570d', '-79.35688892', '43.7477423', 'Banbury-Don Mills (42)', 'House', 'Single Home, House (Attach Garage, Cottage, Mobile)'),
    ('9f7fb091-600f-4a30-af0b-38f31dc2d73e', '-79.24473616', '43.74478478', 'Eglinton East (138)', 'Apartment', 'Apartment (Rooming House, Condo)'),
    ('8244111c-d7a5-49bd-8a2a-47b7dbf56568', '-79.41953523', '43.68295702', 'Wychwood (94)', 'Commercial', 'Other Commercial / Corporate Places (For Profit, Warehouse, Corp. Bldg'),
    ('e60db1c0-8b91-4a6f-83e0-7337df93f01a', '-79.46069112', '43.67068024', 'Weston-Pelham Park (91)', 'Apartment', 'Apartment (Rooming House, Condo)'),
    ('f656e44e-2000-4b94-a5a0-069db1b840b9', '-79.32581507', '43.79259647', 'LAmoreaux West (147)', 'Apartment', 'Apartment (Rooming House, Condo)'),
    ('5613a867-ac51-4943-9183-cfd3ae43f855', '-79.46300302', '43.67344163', 'Weston-Pelham Park (91)', 'Commercial', 'Other Commercial / Corporate Places (For Profit, Warehouse, Corp. Bldg'),
    ('4d3310c1-f657-4f05-af70-bd5ab70a5ad5', '-79.26594431', '43.72744659', 'Kennedy Park (124)', 'Other', 'Homeless Shelter / Mission'),
    ('012d4c74-74c3-4229-9cca-f7731aa74ec2', '-79.26594431', '43.72744659', 'Kennedy Park (124)', 'Other', 'Homeless Shelter / Mission'),
    ('c6cbf3c5-ab32-46e5-a2ef-51a5957d670c', '-79.26594431', '43.72744659', 'Kennedy Park (124)', 'Other', 'Homeless Shelter / Mission'),
    ('517f3d89-70a4-4078-834d-c8360324cf1d', '-79.26594431', '43.72744659', 'Kennedy Park (124)', 'Other', 'Homeless Shelter / Mission'),
    ('d49e811d-c38c-406b-8aed-643b2fe89fc6', '-79.30945959', '43.78973477', 'East LAmoreaux (148)', 'House', 'Single Home, House (Attach Garage, Cottage, Mobile)'),
    ('4fce2afb-f145-4ec4-b553-29507c4d3f29', '-79.44891131', '43.71751306', 'Yorkdale-Glen Park (31)', 'Outside', 'Parking Lots (Apt., Commercial Or Non-Commercial)'),
    ('31b599f1-b3c1-4c7e-b109-ad3c93f19091', '-79.23417461', '43.75391779', 'Golfdale-Cedarbrae-Woburn (141)', 'Outside', 'Open Areas (Lakes, Parks, Rivers)'),
    ('98d52f19-347c-4464-94d0-947cb055de7f', '-79.3336032', '43.66819786', 'South Riverdale (70)', 'Apartment', 'Apartment (Rooming House, Condo)'),
    ('49421f8d-fafa-4af8-8837-a6b6a0f72b2f', '-79.51581405', '43.61207981', 'Mimico-Queensway (160)', 'Other', 'Jails / Detention Centres'),
    ('7fb1b3b9-518a-4cc3-9a3e-985faa8f14e9', '-79.51581405', '43.61207981', 'Mimico-Queensway (160)', 'Other', 'Jails / Detention Centres'),
    ('6393ebcf-a783-4aed-a612-d62062f27f91', '-79.51581405', '43.61207981', 'Mimico-Queensway (160)', 'Other', 'Jails / Detention Centres'),
    ('f6abee01-322e-4bd4-81e1-666e077cc80d', '-79.34502852', '43.73682871', 'Banbury-Don Mills (42)', 'Outside', 'Streets, Roads, Highways (Bicycle Path, Private Road)'),
    ('c338a21e-1a12-4a5b-b2f8-7c1afc07167b', '-79.34502852', '43.73682871', 'Banbury-Don Mills (42)', 'Outside', 'Streets, Roads, Highways (Bicycle Path, Private Road)'),
    ('ebcb930c-5533-4508-8c62-5c25ca87d6a6', '-79.51581405', '43.61207981', 'Mimico-Queensway (160)', 'Other', 'Jails / Detention Centres'),
    ('48013265-b99b-4af8-b96e-aa96b2692364', '-79.36906175', '43.65012179', 'St Lawrence-East Bayfront-The Islands', 'Commercial', 'Convenience Stores'),
    ('2e92645f-25d8-45a9-a39f-97f3fc072538', '-79.51581405', '43.61207981', 'Mimico-Queensway (160)', 'Other', 'Jails / Detention Centres'),
    ('277baa55-6187-458d-81a2-e5f8cda30f8e', '-79.35886348', '43.67619634', 'Playter Estates-Danforth (67)', 'Outside', 'Streets, Roads, Highways (Bicycle Path, Private Road)'),
    ('c0a0b986-b12a-4b53-a490-f48c98272344', '-79.47645963', '43.76269586', 'York University Heights (27)', 'Commercial', 'Other Commercial / Corporate Places (For Profit, Warehouse, Corp. Bldg'),
    ('2f5a7bb8-76f0-4b5b-8b5e-e825ea2ae1c8', '-79.23156178', '43.81335396', 'Malvern West (145)', 'House', 'Single Home, House (Attach Garage, Cottage, Mobile)'),
    ('9a4d6d83-4926-4cba-82b9-3d3636fcf66a', '-79.21242309', '43.81209992', 'Malvern East (146)', 'House', 'Single Home, House (Attach Garage, Cottage, Mobile)'),
    ('66e0f5be-5303-44b4-9df5-83c938d32c5b', '-79.27634552', '43.81956792', 'Milliken (130)', 'Outside', 'Streets, Roads, Highways (Bicycle Path, Private Road)'),
    ('d3a4b1d2-4193-4a86-855d-a89f72f12d8b', '-79.22121648', '43.74098069', 'Scarborough Village (139)', 'Apartment', 'Apartment (Rooming House, Condo)'),
    ('694605a9-0da9-42e5-b862-f0ff0a48aa2b', '-79.41020213', '43.72248127', 'Lawrence Park South (103)', 'Educational', 'Schools During Supervised Activity'),
    ('54cf5966-5482-4ebd-b306-48de4167ab50', '-79.39462164', '43.66992431', 'Annex (95)', 'Outside', 'Parking Lots (Apt., Commercial Or Non-Commercial)'),
    ('4ce19fa9-e28f-4198-b46e-e6af64088c77', '-79.25917124', '43.82152701', 'Milliken (130)', 'Outside', 'Streets, Roads, Highways (Bicycle Path, Private Road)'),
    ('f22ad525-bd26-462c-ad69-7a958bf19c4d', '-79.41978533', '43.63048317', 'Fort York-Liberty Village (163)', 'Outside', 'Streets, Roads, Highways (Bicycle Path, Private Road)'),
    ('6e3f8c01-9b60-4cab-8b86-991e07ddb86d', '-79.39383234', '43.65381459', 'Kensington-Chinatown (78)', 'Outside', 'Streets, Roads, Highways (Bicycle Path, Private Road)'),
    ('e738cf9d-3f64-44e3-af3d-4d2ea53f45f6', '-79.43366382', '43.67994941', 'Wychwood (94)', 'Apartment', 'Apartment (Rooming House, Condo)'),
    ('cd6c0f8e-4663-4d9b-9b6e-7789fbe7a31d', '-79.53452633', '43.70970653', 'Pelmo Park-Humberlea (23)', 'Commercial', 'Convenience Stores'),
    ('ae24dc60-e1c9-4015-b10b-ae3960afe58c', '-79.51545761', '43.75788209', 'Black Creek (24)', 'Outside', 'Parking Lots (Apt., Commercial Or Non-Commercial)'),
    ('cf47bc35-84a3-4c2d-9b9e-14cc9fd5f03d', '-79.49151699', '43.76573395', 'York University Heights (27)', 'Transit', 'Ttc Subway Station'),
    ('791f2224-0aa7-4cc2-b9a1-984b8dd60620', '-79.40474404', '43.67534982', 'Annex (95)', 'House', 'Single Home, House (Attach Garage, Cottage, Mobile)'),
    ('f43b961b-1590-4fbb-ade3-852da405b9c7', '-79.18943921', '43.7676908', 'West Hill (136)', 'Apartment', 'Apartment (Rooming House, Condo)'),
    ('a62ba17a-9f36-432d-8ea3-63388116f562', '-79.24156645', '43.73814088', 'Eglinton East (138)', 'Commercial', 'Gas Station (Self, Full, Attached Convenience)'),
    ('4973ea89-c62b-48f3-9744-edf360fdf5c8', '-79.18461939', '43.80823899', 'Morningside Heights (144)', 'Apartment', 'Apartment (Rooming House, Condo)'),
    ('4b9ceb27-b352-4c77-a263-9e97f1aa4357', '-79.51581405', '43.61207981', 'Mimico-Queensway (160)', 'Other', 'Jails / Detention Centres'),
    ('58b72672-1cd1-4137-859e-f235a406c359', '-79.38419105', '43.67080371', 'Rosedale-Moore Park (98)', 'Outside', 'Ttc Bus Stop / Shelter / Loop'),
    ('027c5cba-5a97-48e3-8e0e-a575f25d67ad', '-79.58709009', '43.75361738', 'Mount Olive-Silverstone-Jamestown (2)', 'Apartment', 'Apartment (Rooming House, Condo)'),
    ('127afce9-afe7-4677-9173-9d3d4dbb1ffd', '-79.21184655', '43.7703512', 'Golfdale-Cedarbrae-Woburn (141)', 'House', 'Single Home, House (Attach Garage, Cottage, Mobile)'),
    ('4327c215-ff58-4df9-9d05-ff69b86efd1b', '-79.25488772', '43.72369869', 'Kennedy Park (124)', 'Outside', 'Streets, Roads, Highways (Bicycle Path, Private Road)'),
    ('589a5576-b0b5-4108-b993-c11c8ff01035', '-79.25488772', '43.72369869', 'Kennedy Park (124)', 'Outside', 'Streets, Roads, Highways (Bicycle Path, Private Road)'),
    ('3c49a1fd-839f-4f59-acd3-4603184db262', '-79.36273506', '43.6594306', 'Regent Park (72)', 'Apartment', 'Apartment (Rooming House, Condo)'),
    ('f5f901a4-f09f-4b8e-96e8-99a882d3dcc3', '-79.45130082', '43.63933679', 'High Park-Swansea (87)', 'Other', 'Hospital / Institutions / Medical Facilities (Clinic, Dentist, Morgue)'),
    ('e6e9a21c-72f5-4d4c-a9ce-78284e625400', '-79.38616184', '43.6577626', 'Yonge-Bay Corridor (170)', 'Other', 'Hospital / Institutions / Medical Facilities (Clinic, Dentist, Morgue)'),
    ('bd7efd5f-7b25-4ea7-9fbe-d209bbbd77d1', '-79.39931674', '43.6558319', 'Kensington-Chinatown (78)', 'Outside', 'Streets, Roads, Highways (Bicycle Path, Private Road)'),
    ('09681869-60d7-4bb0-aed3-46b8a20ba3a4', '-79.38921702', '43.75990809', 'St.Andrew-Windfields (40)', 'Apartment', 'Apartment (Rooming House, Condo)'),
    ('2fc29a5e-89e3-4ac9-832c-a21515a264f5', '-79.50437106', '43.73101507', 'Oakdale-Beverley Heights (154)', 'Outside', 'Open Areas (Lakes, Parks, Rivers)'),
    ('06f58eeb-fddc-4cf3-8959-dc01983dbbda', '-79.37009915', '43.6561629', 'Moss Park (73)', 'Apartment', 'Apartment (Rooming House, Condo)'),
    ('61db898b-c9c6-4fd0-b270-22dfbecb5b27', '-79.42163567', '43.73986698', 'Bedford Park-Nortown (39)', 'Apartment', 'Apartment (Rooming House, Condo)'),
    ('ee4d8a8b-11a0-4d09-b13f-d085a2a7ed24', '-79.23525552', '43.75771699', 'Woburn North (142)', 'Transit', 'Ttc Bus'),
    ('2f6f09eb-59c5-4661-9c06-e768c220f8b4', '-79.34459196', '43.77357092', 'Henry Farm (53)', 'Apartment', 'Apartment (Rooming House, Condo)'),
    ('dfbbd410-8892-4155-9a38-cf4fd785cfed', '-79.38997644', '43.64370268', 'Harbourfront-CityPlace (165)', 'Commercial', 'Other Commercial / Corporate Places (For Profit, Warehouse, Corp. Bldg'),
    ('64761f40-a907-41d8-a41a-3d8ea46cb315', '-79.41718803', '43.66382811', 'Palmerston-Little Italy (80)', 'Commercial', 'Bar / Restaurant'),
    ('354b850a-8e20-409d-9c96-adcdfea2208f', '-79.39675793', '43.63672988', 'Harbourfront-CityPlace (165)', 'Outside', 'Streets, Roads, Highways (Bicycle Path, Private Road)'),
    ('da7c9441-fc4d-46de-9b10-6f2a7cd486c8', '-79.50897064', '43.72238195', 'Oakdale-Beverley Heights (154)', 'Outside', 'Parking Lots (Apt., Commercial Or Non-Commercial)'),
    ('c851e0c0-7a80-411c-ae32-c8d2a7ff1d78', '-79.45514811', '43.71616776', 'Yorkdale-Glen Park (31)', 'Apartment', 'Apartment (Rooming House, Condo)'),
    ('ec53ddc3-9e30-451c-ab2d-769486d2f496', '-79.4820866', '43.68060391', 'Rockcliffe-Smythe (111)', 'Apartment', 'Apartment (Rooming House, Condo)'),
    ('1201f0f5-0a6c-49d8-8f3b-097d6e5eccfd', '-79.38485864', '43.6584986', 'Yonge-Bay Corridor (170)', 'Apartment', 'Apartment (Rooming House, Condo)'),
    ('d885d59a-56d0-447f-af9f-960d725933db', '-79.48137162', '43.65975617', 'Runnymede-Bloor West Village (89)', 'Other', 'Religious Facilities (Synagogue, Church, Convent, Mosque)'),
    ('f70d59c5-e52d-4bb8-9a0a-d15d9cb4ff47', '-79.34974762', '43.6965289', 'Old East York (58)', 'Transit', 'Ttc Bus'),
    ('794dd093-2ee2-4b0d-9c39-1718a88e4990', '-79.37586125', '43.65494689', 'Downtown Yonge East (168)', 'Apartment', 'Apartment (Rooming House, Condo)'),
    ('7a551933-98d8-4a17-a69c-600d631bb80a', '-79.30055625', '43.68844712', 'East End-Danforth (62)', 'Apartment', 'Apartment (Rooming House, Condo)'),
    ('0b640287-4c33-4564-8cec-77528232ccc3', '-79.35014911', '43.71959025', 'Banbury-Don Mills (42)', 'Apartment', 'Apartment (Rooming House, Condo)'),
    ('454a1915-ed19-493a-8704-3456df1e2321', '-79.43706182', '43.65521641', 'Dufferin Grove (83)', 'Commercial', 'Other Commercial / Corporate Places (For Profit, Warehouse, Corp. Bldg'),
    ('eccf46df-43e8-49e7-b13b-70aa5f674255', '-79.58250687', '43.74412467', 'Mount Olive-Silverstone-Jamestown (2)', 'Commercial', 'Other Commercial / Corporate Places (For Profit, Warehouse, Corp. Bldg'),
    ('377c3744-b1f0-47d6-9ce2-9a19fd98af98', '-79.40487224', '43.705385', 'Yonge-Eglinton (100)', 'Outside', 'Open Areas (Lakes, Parks, Rivers)'),
    ('3e914858-2bbf-43ce-8b44-564fea7b5b0f', '-79.38834626', '43.71008712', 'Mount Pleasant East (99)', 'Apartment', 'Apartment (Rooming House, Condo)'),
    ('dbb3167c-9865-4a88-989e-72b1db27ca9a', '-79.55373579', '43.61950831', 'Etobicoke City Centre (159)', 'Outside', 'Streets, Roads, Highways (Bicycle Path, Private Road)'),
    ('7d6cfae9-5a66-48cf-b4ab-92a6d7446ed2', '-79.37009915', '43.6561629', 'Moss Park (73)', 'Outside', 'Streets, Roads, Highways (Bicycle Path, Private Road)'),
    ('a9fb3060-5aa9-4423-999c-cafd94f582ee', '-79.38769485', '43.6656518', 'Bay-Cloverhill (169)', 'Outside', 'Streets, Roads, Highways (Bicycle Path, Private Road)'),
    ('7164b2cb-2fdc-4c35-9521-ad919389df0a', '-79.17750021', '43.7703678', 'West Hill (136)', 'Other', 'Other Non Commercial / Corporate Places (Non-Profit, GovT, Firehall)'),
    ('111de74d-f6a1-46f0-9277-9982d8fb5ebd', '-79.40671389', '43.74414518', 'St.Andrew-Windfields (40)', 'Commercial', 'Gas Station (Self, Full, Attached Convenience)'),
    ('49c411ad-40a2-48bc-a843-de632e721a83', '-79.38106344', '43.65056379', 'Yonge-Bay Corridor (170)', 'Outside', 'Streets, Roads, Highways (Bicycle Path, Private Road)'),
    ('627be6aa-1afd-423c-94eb-674ebab596d7', '-79.38106344', '43.65056379', 'Yonge-Bay Corridor (170)', 'Outside', 'Streets, Roads, Highways (Bicycle Path, Private Road)'),
    ('6b592995-7b67-4925-ae99-ecc4418460e9', '-79.24807244', '43.73669198', 'Eglinton East (138)', 'House', 'Single Home, House (Attach Garage, Cottage, Mobile)'),
    ('638d9303-f230-4857-a2b8-add1f310cfc6', '-79.35523624', '43.78171131', 'Don Valley Village (47)', 'Apartment', 'Apartment (Rooming House, Condo)'),
    ('f38f0ebe-3ae8-4f69-a5a3-4547e7dbb559', '-79.24541078', '43.75554368', 'Woburn North (142)', 'Outside', 'Streets, Roads, Highways (Bicycle Path, Private Road)'),
    ('f4b61485-413c-4322-b736-f5d439b1e896', '-79.38091295', '43.6563248', 'Downtown Yonge East (168)', 'Transit', 'Ttc Subway Station'),
    ('482e8c64-1fe8-4469-a4d2-fa15dd31deab', '-79.38091295', '43.6563248', 'Downtown Yonge East (168)', 'Transit', 'Ttc Subway Station'),
    ('174eb388-a2aa-444e-9d97-74c38829b268', '-79.50161971', '43.62998613', 'Stonegate-Queensway (16)', 'House', 'Single Home, House (Attach Garage, Cottage, Mobile)'),
    ('19a26ba9-100e-438c-b300-cedbbb4e7095', '-79.39964073', '43.63648218', 'Harbourfront-CityPlace (165)', 'Other', 'Homeless Shelter / Mission'),
    ('1e5822ea-5ed7-46b8-822d-451c675da893', '-79.34459196', '43.77357092', 'Henry Farm (53)', 'Apartment', 'Apartment (Rooming House, Condo)'),
    ('274379ab-6c40-4c44-b949-856fd9234e17', '-79.39964073', '43.63648218', 'Harbourfront-CityPlace (165)', 'Other', 'Homeless Shelter / Mission'),
    ('cc3c36c8-d350-4e60-bc33-e3e39c1d78e0', '-79.36862086', '43.6658735', 'Cabbagetown-South St.James Town (71)', 'Outside', 'Streets, Roads, Highways (Bicycle Path, Private Road)'),
    ('bd478a82-f40e-45d2-a093-db647e1db266', '-79.43010772', '43.64191989', 'Roncesvalles (86)', 'Outside', 'Streets, Roads, Highways (Bicycle Path, Private Road)'),
    ('7a0412bf-3efb-4f12-9d4e-43a7717d8583', '-79.4925389', '43.74349093', 'York University Heights (27)', 'Apartment', 'Apartment (Rooming House, Condo)'),
    ('5bbfc193-faef-4bbf-aa03-0c355138b18c', '-79.34426147', '43.65203099', 'South Riverdale (70)', 'Outside', 'Streets, Roads, Highways (Bicycle Path, Private Road)'),
    ('0b723289-7704-4269-b6ad-3962ab1c1135', '-79.30055625', '43.68844712', 'East End-Danforth (62)', 'Apartment', 'Apartment (Rooming House, Condo)'),
    ('35c40d5e-86c1-4827-b5d5-707fbf9310c3', '-79.59944377', '43.73097967', 'West Humber-Clairville (1)', 'Other', 'Other Non Commercial / Corporate Places (Non-Profit, GovT, Firehall)'),
    ('729e12d9-b4d9-4837-a98c-f7a39c9157f0', '-79.29288509', '43.73765305', 'Wexford/Maryvale (119)', 'Educational', 'Schools During Supervised Activity'),
    ('19fa3487-3c4c-4c6a-9cfe-be292db5a94a', '-79.29288509', '43.73765305', 'Wexford/Maryvale (119)', 'Educational', 'Schools During Supervised Activity');

    INSERT INTO userReports (r_id, assault_type, occurence_date, reported_date, user_id) VALUES
    ('7ef8b3e2-fe3a-41b2-8552-f83f012b4211', 'Assault', '2025-03-30', '2025-04-01', 'cd3a1d5b-5a97-4636-a219-73243b49df0c'),
    ('d99bb306-3f28-4f64-9ec4-f0f96d3c5ff6', 'Assault', '2025-03-30', '2025-04-02', 'cd3a1d5b-5a97-4636-a219-73243b49df0c'),
    ('c3f891aa-3327-4b48-b7de-c5054151c999', 'Assault With Weapon', '2025-03-30', '2025-04-03', 'cd3a1d5b-5a97-4636-a219-73243b49df0c'),
    ('ac48f656-dd37-4276-af5c-74bae66bcbd6', 'Assault', '2025-03-30', '2025-04-04', 'cd3a1d5b-5a97-4636-a219-73243b49df0c'),
    ('f540189d-3250-4ec4-bcc9-1cdb15d316c0', 'Assault', '2025-03-30', '2025-04-05', 'cd3a1d5b-5a97-4636-a219-73243b49df0c'),
    ('7d40cc5e-5db2-4c02-81c3-4ec831884b8f', 'Assault', '2025-03-30', '2025-04-06', 'cd3a1d5b-5a97-4636-a219-73243b49df0c'),
    ('961030da-8689-4d17-9b7a-c42b7cd47a09', 'Assault', '2025-03-30', '2025-04-07', 'cd3a1d5b-5a97-4636-a219-73243b49df0c'),
    ('78c9c69f-0adc-454e-b98d-d589313533cd', 'Assault', '2025-03-30', '2025-04-08', 'cd3a1d5b-5a97-4636-a219-73243b49df0c'),
    ('5195f60c-628f-4677-92a4-df5801f0003a', 'Assault With Weapon', '2025-03-30', '2025-04-09', 'cd3a1d5b-5a97-4636-a219-73243b49df0c'),
    ('8704c37b-106c-424e-9c38-03825d588e41', 'Assault', '2025-03-30', '2025-04-10', 'cd3a1d5b-5a97-4636-a219-73243b49df0c'),
    ('06369ec4-4205-474e-9c08-bd8998dd71ab', 'Assault', '2025-03-30', '2025-04-11', 'cd3a1d5b-5a97-4636-a219-73243b49df0c'),
    ('e4edb822-5b6e-4a31-93ad-2f7a8e8b7f50', 'Assault', '2025-03-30', '2025-04-12', 'cd3a1d5b-5a97-4636-a219-73243b49df0c'),
    ('498d0ddb-b63f-44ff-b67b-a13368d194ad', 'Assault', '2025-03-30', '2025-04-13', 'e45d26fe-f66a-4d38-a663-269589d45620'),
    ('c4a9a3c9-ec5f-413c-aada-df3a40c6cefb', 'Assault', '2025-03-30', '2025-04-14', 'e45d26fe-f66a-4d38-a663-269589d45620'),
    ('60dfbb8e-8576-4f55-ab10-6165c89e7dcd', 'Assault', '2025-03-30', '2025-04-15', 'e45d26fe-f66a-4d38-a663-269589d45620'),
    ('aaf21628-5d6d-40cb-bc5d-8ac6774e6fc7', 'Assault', '2025-03-30', '2025-04-16', 'e45d26fe-f66a-4d38-a663-269589d45620'),
    ('1245607c-204b-4e75-a13e-4bab4ab49584', 'Assault With Weapon', '2025-03-30', '2025-04-17', 'e45d26fe-f66a-4d38-a663-269589d45620'),
    ('5de4571b-9d8f-405f-818d-206c4a9ec7fa', 'Assault Peace Officer', '2025-03-30', '2025-04-18', 'e45d26fe-f66a-4d38-a663-269589d45620'),
    ('07e3190a-6d13-4f57-bec4-f0ef1fd0b5bc', 'Aggravated Assault', '2025-03-30', '2025-04-19', 'e45d26fe-f66a-4d38-a663-269589d45620'),
    ('91f0cc75-8f3e-46d7-96fa-1fc8b5a1155e', 'Assault Bodily Harm', '2025-03-30', '2025-04-20', 'e45d26fe-f66a-4d38-a663-269589d45620'),
    ('571fa8cd-4af8-4f4c-a426-3b36a7864238', 'Assault', '2025-03-30', '2025-04-21', 'e45d26fe-f66a-4d38-a663-269589d45620'),
    ('6f6dc747-8697-404d-8c91-2039b04bd4c9', 'Assault', '2025-03-30', '2025-04-22', 'e45d26fe-f66a-4d38-a663-269589d45620'),
    ('52189107-f4c0-4d84-b298-3b49ac22b983', 'Assault', '2025-03-30', '2025-04-23', 'e45d26fe-f66a-4d38-a663-269589d45620'),
    ('6646eb89-cfef-4512-b795-29d6e44c534b', 'Assault', '2025-03-30', '2025-04-24', 'e45d26fe-f66a-4d38-a663-269589d45620'),
    ('8f32f645-605d-4c8e-8d95-fd623b181948', 'Assault', '2025-03-31', '2025-04-25', 'e45d26fe-f66a-4d38-a663-269589d45620'),
    ('0a3cc418-b92d-4566-83f0-1b5a0704816f', 'Assault', '2025-03-31', '2025-04-26', 'e45d26fe-f66a-4d38-a663-269589d45620'),
    ('998f4615-64f1-4401-ba43-7186e8b4cae0', 'Assault Peace Officer', '2025-03-31', '2025-04-27', 'e45d26fe-f66a-4d38-a663-269589d45620'),
    ('120f21e7-9e62-4f9c-aa0c-e66b8c9fc78e', 'Assault', '2025-03-31', '2025-04-28', 'e2573a3c-1c04-4527-9e04-1a540d33c6d4'),
    ('b99b7379-e087-49f4-8e53-cdf091554054', 'Assault', '2025-03-31', '2025-04-29', 'e2573a3c-1c04-4527-9e04-1a540d33c6d4'),
    ('7f275747-288d-4663-bfa8-9a650a940970', 'Assault', '2025-03-31', '2025-04-30', 'e2573a3c-1c04-4527-9e04-1a540d33c6d4'),
    ('35021fd6-4ea9-45cd-89b5-a0bfd9d77041', 'Aggravated Assault', '2025-03-31', '2025-05-01', 'e2573a3c-1c04-4527-9e04-1a540d33c6d4'),
    ('afbcede5-d24f-48ef-925b-6e4a4ffc8749', 'Assault', '2025-03-31', '2025-05-02', 'e2573a3c-1c04-4527-9e04-1a540d33c6d4'),
    ('81528c27-dd50-4396-9141-208ae74479cf', 'Assault', '2025-03-31', '2025-05-03', 'e2573a3c-1c04-4527-9e04-1a540d33c6d4'),
    ('a4c1c123-9b81-4660-9d18-a5440b1ca939', 'Assault', '2025-03-31', '2025-05-04', 'e2573a3c-1c04-4527-9e04-1a540d33c6d4'),
    ('7801c83d-330b-418f-8c99-7c0a87bfb0f3', 'Assault', '2025-03-31', '2025-05-05', 'e2573a3c-1c04-4527-9e04-1a540d33c6d4'),
    ('103ea2ee-fbb6-4cda-a358-193d1268df4e', 'Assault', '2025-03-31', '2025-05-06', 'e2573a3c-1c04-4527-9e04-1a540d33c6d4'),
    ('aabb38cb-2e51-4f78-bf44-9e198b727738', 'Assault', '2025-03-31', '2025-05-07', 'e2573a3c-1c04-4527-9e04-1a540d33c6d4'),
    ('8978c046-4e56-4271-b389-674f41745364', 'Assault', '2025-03-31', '2025-05-08', 'e2573a3c-1c04-4527-9e04-1a540d33c6d4'),
    ('dd24ef43-7a45-4cd9-8679-e9224b224a64', 'Assault', '2025-03-31', '2025-05-09', 'e2573a3c-1c04-4527-9e04-1a540d33c6d4'),
    ('142625cb-ce28-49d5-b60d-138242480949', 'Assault', '2025-03-31', '2025-05-10', 'fd29a2d1-1c6e-46fe-92f8-61ba20d8e914'),
    ('37e16480-04d2-4652-8b12-9d91eeb0f8ca', 'Assault Peace Officer', '2025-03-31', '2025-05-11', 'fd29a2d1-1c6e-46fe-92f8-61ba20d8e914'),
    ('ab82e2c1-82ff-475c-81dd-bbc72913f1b9', 'Assault', '2025-03-31', '2025-05-12', 'fd29a2d1-1c6e-46fe-92f8-61ba20d8e914'),
    ('610268ec-f087-4be5-b237-ef7072f18214', 'Assault', '2025-03-31', '2025-05-13', 'fd29a2d1-1c6e-46fe-92f8-61ba20d8e914'),
    ('5a344107-ddd4-4ae8-9085-c9108c924a0d', 'Assault', '2025-03-31', '2025-05-14', 'fd29a2d1-1c6e-46fe-92f8-61ba20d8e914'),
    ('99622f35-3ab5-462b-bc59-522a18d56ebd', 'Assault', '2025-03-31', '2025-05-15', 'fd29a2d1-1c6e-46fe-92f8-61ba20d8e914'),
    ('b06cf99a-0175-46ac-9b00-64723d392277', 'Assault', '2025-03-31', '2025-05-16', 'fd29a2d1-1c6e-46fe-92f8-61ba20d8e914'),
    ('f103437b-72c3-4d4c-aa7c-b1d59b65b04e', 'Assault Peace Officer', '2025-03-31', '2025-05-17', '5c90892f-0922-488d-851a-e6933c52c06b'),
    ('35cd5f2e-0b1e-424c-aa71-aa9e2e80a1a5', 'Assault With Weapon', '2025-03-31', '2025-05-18', '5c90892f-0922-488d-851a-e6933c52c06b'),
    ('6ee3d5d6-4bb7-44b1-8552-5f962333171d', 'Assault', '2025-03-31', '2025-05-19', '5c90892f-0922-488d-851a-e6933c52c06b'),
    ('f75d1bb2-8d8d-4ffa-805c-71e0c3deb898', 'Assault With Weapon', '2025-03-31', '2025-05-20', '5c90892f-0922-488d-851a-e6933c52c06b');

    INSERT INTO userLocation (r_id, longitude, latitude, neighborhood, location_type, premise_type) VALUES
    ('7ef8b3e2-fe3a-41b2-8552-f83f012b4211', '-79.41262986', '43.77484499', 'Yonge-Doris (151)', 'Apartment', 'Apartment (Rooming House, Condo)'),
    ('d99bb306-3f28-4f64-9ec4-f0f96d3c5ff6', '-79.28482491', '43.74751425', 'Wexford/Maryvale (119)', 'Apartment', 'Apartment (Rooming House, Condo)'),
    ('c3f891aa-3327-4b48-b7de-c5054151c999', '-79.39041835', '43.67913913', 'Rosedale-Moore Park (98)', 'Commercial', 'Gas Station (Self, Full, Attached Convenience)'),
    ('ac48f656-dd37-4276-af5c-74bae66bcbd6', '-79.49424609', '43.76636226', 'York University Heights (27)', 'Outside', 'Streets, Roads, Highways (Bicycle Path, Private Road)'),
    ('f540189d-3250-4ec4-bcc9-1cdb15d316c0', '-79.4941135', '43.6426822', 'Stonegate-Queensway (16)', 'House', 'Single Home, House (Attach Garage, Cottage, Mobile)'),
    ('7d40cc5e-5db2-4c02-81c3-4ec831884b8f', '-79.49406584', '43.6058733', 'Mimico-Queensway (160)', 'House', 'Single Home, House (Attach Garage, Cottage, Mobile)'),
    ('961030da-8689-4d17-9b7a-c42b7cd47a09', '-79.45934961', '43.65629072', 'High Park North (88)', 'Transit', 'Ttc Subway Station'),
    ('78c9c69f-0adc-454e-b98d-d589313533cd', '-79.45934961', '43.65629072', 'High Park North (88)', 'Transit', 'Ttc Subway Station'),
    ('5195f60c-628f-4677-92a4-df5801f0003a', '-79.40529134', '43.67030781', 'Annex (95)', 'Transit', 'Ttc Subway Station'),
    ('8704c37b-106c-424e-9c38-03825d588e41', '0', '0', 'NSA', 'Commercial', 'Other Commercial / Corporate Places (For Profit, Warehouse, Corp. Bldg'),
    ('06369ec4-4205-474e-9c08-bd8998dd71ab', '-79.25109711', '43.715088', 'Birchcliffe-Cliffside (122)', 'House', 'Single Home, House (Attach Garage, Cottage, Mobile)'),
    ('e4edb822-5b6e-4a31-93ad-2f7a8e8b7f50', '-79.36855016', '43.6588675', 'Moss Park (73)', 'House', 'Single Home, House (Attach Garage, Cottage, Mobile)'),
    ('498d0ddb-b63f-44ff-b67b-a13368d194ad', '-79.24577307', '43.75330828', 'Bendale South (157)', 'House', 'Single Home, House (Attach Garage, Cottage, Mobile)'),
    ('c4a9a3c9-ec5f-413c-aada-df3a40c6cefb', '-79.29613865', '43.67193793', 'The Beaches (63)', 'House', 'Single Home, House (Attach Garage, Cottage, Mobile)'),
    ('60dfbb8e-8576-4f55-ab10-6165c89e7dcd', '-79.54785298', '43.68620008', 'Willowridge-Martingrove-Richview (7)', 'House', 'Single Home, House (Attach Garage, Cottage, Mobile)'),
    ('aaf21628-5d6d-40cb-bc5d-8ac6774e6fc7', '-79.4786544', '43.68287791', 'Rockcliffe-Smythe (111)', 'Apartment', 'Apartment (Rooming House, Condo)'),
    ('1245607c-204b-4e75-a13e-4bab4ab49584', '-79.39413274', '43.66871991', 'Annex (95)', 'Commercial', 'Other Commercial / Corporate Places (For Profit, Warehouse, Corp. Bldg'),
    ('5de4571b-9d8f-405f-818d-206c4a9ec7fa', '-79.56481438', '43.63933271', 'Etobicoke West Mall (13)', 'Apartment', 'Apartment (Rooming House, Condo)'),
    ('07e3190a-6d13-4f57-bec4-f0ef1fd0b5bc', '-79.3365674', '43.66900355', 'South Riverdale (70)', 'Commercial', 'Bar / Restaurant'),
    ('91f0cc75-8f3e-46d7-96fa-1fc8b5a1155e', '-79.3365674', '43.66900355', 'South Riverdale (70)', 'Commercial', 'Bar / Restaurant'),
    ('571fa8cd-4af8-4f4c-a426-3b36a7864238', '-79.28275639', '43.72793927', 'Clairlea-Birchmount (120)', 'Other', 'Jails / Detention Centres'),
    ('6f6dc747-8697-404d-8c91-2039b04bd4c9', '-79.38982905', '43.67055921', 'Annex (95)', 'Transit', 'Ttc Subway Station'),
    ('52189107-f4c0-4d84-b298-3b49ac22b983', '-79.32755233', '43.72664064', 'Banbury-Don Mills (42)', 'Transit', 'Ttc Bus'),
    ('6646eb89-cfef-4512-b795-29d6e44c534b', '-79.37833395', '43.66628191', 'North St.James Town (74)', 'Other', 'Other Non Commercial / Corporate Places (Non-Profit, GovT, Firehall)'),
    ('8f32f645-605d-4c8e-8d95-fd623b181948', '-79.34661502', '43.70323439', 'Thorncliffe Park (55)', 'Apartment', 'Apartment (Rooming House, Condo)'),
    ('0a3cc418-b92d-4566-83f0-1b5a0704816f', '-79.51535054', '43.70990314', 'Pelmo Park-Humberlea (23)', 'House', 'Single Home, House (Attach Garage, Cottage, Mobile)'),
    ('998f4615-64f1-4401-ba43-7186e8b4cae0', '-79.51809281', '43.75894879', 'Black Creek (24)', 'Commercial', 'Other Commercial / Corporate Places (For Profit, Warehouse, Corp. Bldg'),
    ('120f21e7-9e62-4f9c-aa0c-e66b8c9fc78e', '-79.27279923', '43.82565545', 'Milliken (130)', 'House', 'Single Home, House (Attach Garage, Cottage, Mobile)'),
    ('b99b7379-e087-49f4-8e53-cdf091554054', '-79.23624404', '43.72194969', 'Cliffcrest (123)', 'Educational', 'Schools During Supervised Activity'),
    ('7f275747-288d-4663-bfa8-9a650a940970', '-79.39836063', '43.64029858', 'Harbourfront-CityPlace (165)', 'Outside', 'Parking Lots (Apt., Commercial Or Non-Commercial)'),
    ('35021fd6-4ea9-45cd-89b5-a0bfd9d77041', '-79.36854749', '43.74288439', 'Banbury-Don Mills (42)', 'Outside', 'Open Areas (Lakes, Parks, Rivers)'),
    ('afbcede5-d24f-48ef-925b-6e4a4ffc8749', '-79.41734663', '43.64096538', 'West Queen West (162)', 'Outside', 'Parking Lots (Apt., Commercial Or Non-Commercial)'),
    ('81528c27-dd50-4396-9141-208ae74479cf', '-79.38305878', '43.68940776', 'Rosedale-Moore Park (98)', 'Outside', 'Streets, Roads, Highways (Bicycle Path, Private Road)'),
    ('a4c1c123-9b81-4660-9d18-a5440b1ca939', '-79.48242444', '43.70753545', 'Maple Leaf (29)', 'Transit', 'Ttc Bus'),
    ('7801c83d-330b-418f-8c99-7c0a87bfb0f3', '-79.20564862', '43.76406199', 'Golfdale-Cedarbrae-Woburn (141)', 'Apartment', 'Apartment (Rooming House, Condo)'),
    ('103ea2ee-fbb6-4cda-a358-193d1268df4e', '-79.36796946', '43.6642795', 'Cabbagetown-South St.James Town (71)', 'Outside', 'Streets, Roads, Highways (Bicycle Path, Private Road)'),
    ('aabb38cb-2e51-4f78-bf44-9e198b727738', '-79.30583188', '43.74620113', 'Wexford/Maryvale (119)', 'Educational', 'Schools During Supervised Activity'),
    ('8978c046-4e56-4271-b389-674f41745364', '-79.26122045', '43.75724287', 'Bendale-Glen Andrew (156)', 'House', 'Single Home, House (Attach Garage, Cottage, Mobile)'),
    ('dd24ef43-7a45-4cd9-8679-e9224b224a64', '-79.31835484', '43.6985852', 'Old East York (58)', 'Apartment', 'Apartment (Rooming House, Condo)'),
    ('142625cb-ce28-49d5-b60d-138242480949', '-79.41536447', '43.76632929', 'Lansing-Westgate (38)', 'Apartment', 'Apartment (Rooming House, Condo)'),
    ('37e16480-04d2-4652-8b12-9d91eeb0f8ca', '-79.28275639', '43.72793927', 'Clairlea-Birchmount (120)', 'Other', 'Jails / Detention Centres'),
    ('ab82e2c1-82ff-475c-81dd-bbc72913f1b9', '-79.24779151', '43.71012011', 'Birchcliffe-Cliffside (122)', 'Commercial', 'Other Commercial / Corporate Places (For Profit, Warehouse, Corp. Bldg'),
    ('610268ec-f087-4be5-b237-ef7072f18214', '-79.31043287', '43.75481382', 'Wexford/Maryvale (119)', 'House', 'Single Home, House (Attach Garage, Cottage, Mobile)'),
    ('5a344107-ddd4-4ae8-9085-c9108c924a0d', '-79.36023846', '43.6600771', 'Regent Park (72)', 'Apartment', 'Apartment (Rooming House, Condo)'),
    ('99622f35-3ab5-462b-bc59-522a18d56ebd', '-79.41589534', '43.68369602', 'Casa Loma (96)', 'Outside', 'Parking Lots (Apt., Commercial Or Non-Commercial)'),
    ('b06cf99a-0175-46ac-9b00-64723d392277', '-79.38419105', '43.67080371', 'Rosedale-Moore Park (98)', 'Transit', 'Ttc Subway Station'),
    ('f103437b-72c3-4d4c-aa7c-b1d59b65b04e', '-79.23874077', '43.79386449', 'Malvern West (145)', 'Outside', 'Streets, Roads, Highways (Bicycle Path, Private Road)'),
    ('35cd5f2e-0b1e-424c-aa71-aa9e2e80a1a5', '-79.43706182', '43.65521641', 'Dufferin Grove (83)', 'Commercial', 'Other Commercial / Corporate Places (For Profit, Warehouse, Corp. Bldg'),
    ('6ee3d5d6-4bb7-44b1-8552-5f962333171d', '-79.33636393', '43.6976063', 'Old East York (58)', 'House', 'Single Home, House (Attach Garage, Cottage, Mobile)'),
    ('f75d1bb2-8d8d-4ffa-805c-71e0c3deb898', '-79.19946091', '43.76544169', 'West Hill (136)', 'Apartment', 'Apartment (Rooming House, Condo)');

    INSERT INTO assaultComments (user_id, r_id, created_at, comments) VALUES
    ('cd3a1d5b-5a97-4636-a219-73243b49df0c', '7ef8b3e2-fe3a-41b2-8552-f83f012b4211', '2025-06-01', 'I saw this too!'),
    ('e45d26fe-f66a-4d38-a663-269589d45620', 'd99bb306-3f28-4f64-9ec4-f0f96d3c5ff6', '2025-06-02', 'I saw a lot of crime in this area, stay safe!'),
    ('cd3a1d5b-5a97-4636-a219-73243b49df0c', 'c3f891aa-3327-4b48-b7de-c5054151c999', '2025-06-03', 'This is a dangerous gas station.'),
    ('e2573a3c-1c04-4527-9e04-1a540d33c6d4', 'ac48f656-dd37-4276-af5c-74bae66bcbd6', '2025-06-04', 'I saw multiple ambulances and police cars.'),
    ('fd29a2d1-1c6e-46fe-92f8-61ba20d8e914', 'f540189d-3250-4ec4-bcc9-1cdb15d316c0', '2025-06-05', 'Please lock your doors in the future.'),
    ('fd29a2d1-1c6e-46fe-92f8-61ba20d8e914', '7d40cc5e-5db2-4c02-81c3-4ec831884b8f', '2025-06-06', 'I hope they got arrested for this.'),
    ('cd3a1d5b-5a97-4636-a219-73243b49df0c', '961030da-8689-4d17-9b7a-c42b7cd47a09', '2025-06-07', 'This area of the subway is dangerous.'),
    ('e45d26fe-f66a-4d38-a663-269589d45620', '78c9c69f-0adc-454e-b98d-d589313533cd', '2025-06-08', 'Avoid this line at night.');